-- phpMyAdmin SQL Dump
-- version 4.9.5
-- https://www.phpmyadmin.net/
--
-- Host: localhost:3306
-- Generation Time: Oct 30, 2020 at 02:42 PM
-- Server version: 10.2.33-MariaDB-log
-- PHP Version: 7.2.34

SET SQL_MODE = "NO_AUTO_VALUE_ON_ZERO";
SET AUTOCOMMIT = 0;
START TRANSACTION;
SET time_zone = "+00:00";


/*!40101 SET @OLD_CHARACTER_SET_CLIENT=@@CHARACTER_SET_CLIENT */;
/*!40101 SET @OLD_CHARACTER_SET_RESULTS=@@CHARACTER_SET_RESULTS */;
/*!40101 SET @OLD_COLLATION_CONNECTION=@@COLLATION_CONNECTION */;
/*!40101 SET NAMES utf8mb4 */;

--
-- Database: `arif115_Hogwarts`
--

-- --------------------------------------------------------

--
-- Table structure for table `bookItem`
--

CREATE TABLE `bookItem` (
  `bookBarcode` bigint(12) UNSIGNED ZEROFILL NOT NULL,
  `bookISBN` varchar(18) COLLATE utf8_unicode_ci NOT NULL,
  `location` varchar(40) COLLATE utf8_unicode_ci NOT NULL,
  `reservedFor` int(5) DEFAULT NULL,
  `price` decimal(5,2) NOT NULL DEFAULT 0.00,
  `purchaseDate` date NOT NULL DEFAULT current_timestamp(),
  `status` tinyint(1) NOT NULL DEFAULT 1
) ENGINE=InnoDB DEFAULT CHARSET=utf8 COLLATE=utf8_unicode_ci;

--
-- Dumping data for table `bookItem`
--

INSERT INTO `bookItem` (`bookBarcode`, `bookISBN`, `location`, `reservedFor`, `price`, `purchaseDate`, `status`) VALUES
(902773769378, '978-0-0953-8960-0', 'Floor-1 Shelf-13', NULL, '123.66', '1933-05-01', 1),
(902773769600, '978-0-1233-3619-4', 'Floor-13 Shelf-13', NULL, '205.00', '0961-05-01', 3),
(902773769821, '978-0-1791-1047-2', 'Floor-1 Shelf-6', NULL, '505.79', '0616-05-01', 3),
(902773770042, '978-0-1791-1047-2', 'Floor-1 Shelf-6', NULL, '503.99', '0616-05-01', 3),
(902773770264, '978-0-6514-7775-8', 'Floor-5 Shelf-13', NULL, '44.46', '0693-09-01', 1),
(902773770485, '978-0-6514-7775-8', 'Floor-5 Shelf-13', NULL, '47.20', '0693-09-01', 3),
(902773770706, '978-0-6514-7775-8', 'Floor-5 Shelf-13', NULL, '46.31', '0693-09-01', 1),
(902773770927, '978-0-6514-7775-8', 'Floor-5 Shelf-13', NULL, '57.87', '0693-09-01', 1),
(902773771149, '978-0-8712-6531-9', 'Floor-14 Shelf-10', NULL, '363.68', '0555-03-01', 1),
(902773771370, '978-0-9199-2717-9', 'Floor-8 Shelf-7', NULL, '312.71', '1689-12-01', 2),
(902773771591, '978-1-4058-7207-2', 'Floor-2 Shelf-7', NULL, '144.78', '1181-03-01', 2),
(902773771813, '978-1-4058-7207-2', 'Floor-2 Shelf-7', NULL, '142.53', '1181-03-01', 1),
(902773772034, '978-1-5634-7558-0', 'Floor-3 Shelf-3', NULL, '49.63', '0814-12-01', 1),
(902773772255, '978-1-5634-7558-0', 'Floor-3 Shelf-3', NULL, '50.09', '0814-12-01', 1),
(902773772477, '978-1-5634-7558-0', 'Floor-3 Shelf-3', NULL, '48.98', '0814-12-01', 1),
(902773772698, '978-1-5716-0334-0', 'Floor-3 Shelf-7', NULL, '440.44', '1971-03-01', 1),
(902773772919, '978-1-5716-0334-0', 'Floor-3 Shelf-7', NULL, '447.07', '1971-03-01', 1),
(902773773141, '978-1-5716-0334-0', 'Floor-3 Shelf-7', NULL, '449.25', '1971-03-01', 1),
(902773773362, '978-1-5776-3720-2', 'Floor-12 Shelf-6', NULL, '418.93', '1676-09-01', 1),
(902773773583, '978-1-5776-3720-2', 'Floor-12 Shelf-6', NULL, '415.41', '1676-09-01', 1),
(902773773804, '978-1-6685-9857-3', 'Floor-2 Shelf-1', NULL, '159.56', '1731-10-01', 3),
(902773774026, '978-1-6685-9857-3', 'Floor-2 Shelf-1', NULL, '149.30', '1731-10-01', 2),
(902773774247, '978-1-6685-9857-3', 'Floor-2 Shelf-1', NULL, '155.97', '1731-10-01', 3),
(902773774468, '978-1-8712-4145-7', 'Floor-20 Shelf-14', NULL, '363.25', '0793-06-01', 1),
(902773774690, '978-1-9651-5444-1', 'Floor-11 Shelf-12', NULL, '363.26', '1326-10-01', 1),
(902773774911, '978-1-9651-5444-1', 'Floor-11 Shelf-12', NULL, '354.86', '1326-10-01', 1),
(902773775132, '978-2-1108-8897-6', 'Floor-17 Shelf-2', NULL, '464.87', '0656-12-01', 1),
(902773775354, '978-2-1108-8897-6', 'Floor-17 Shelf-2', NULL, '468.99', '0656-12-01', 1),
(902773775575, '978-2-2591-2369-3', 'Floor-9 Shelf-9', NULL, '147.54', '0919-12-01', 1),
(902773775796, '978-2-2591-2369-3', 'Floor-9 Shelf-9', NULL, '142.50', '0919-12-01', 1),
(902773776018, '978-2-3184-7926-6', 'Floor-7 Shelf-1', NULL, '225.02', '0180-02-01', 1),
(902773776239, '978-2-3184-7926-6', 'Floor-7 Shelf-1', NULL, '210.78', '0180-02-01', 1),
(902773776460, '978-2-3265-0504-9', 'Floor-2 Shelf-10', NULL, '75.89', '1504-12-01', 1),
(902773776681, '978-2-3265-0504-9', 'Floor-2 Shelf-10', NULL, '75.69', '1504-12-01', 1),
(902773776903, '978-2-5326-1228-9', 'Floor-5 Shelf-1', NULL, '481.94', '0155-10-01', 1),
(902773777124, '978-2-5326-1228-9', 'Floor-5 Shelf-1', NULL, '488.31', '0155-10-01', 1),
(902773777345, '978-2-6425-7206-0', 'Floor-7 Shelf-4', NULL, '392.76', '1672-06-01', 1),
(902773777567, '978-2-6425-7206-0', 'Floor-7 Shelf-4', NULL, '375.35', '1672-06-01', 1),
(902773777788, '978-2-6425-7206-0', 'Floor-7 Shelf-4', NULL, '391.34', '1672-06-01', 1),
(902773778009, '978-2-7012-5403-6', 'Floor-1 Shelf-12', NULL, '219.68', '1351-07-01', 1),
(902773778231, '978-2-7012-5403-6', 'Floor-1 Shelf-12', NULL, '231.36', '1351-07-01', 1),
(902773778452, '978-2-7012-5403-6', 'Floor-1 Shelf-12', NULL, '219.24', '1351-07-01', 1),
(902773778673, '978-2-7183-6421-6', 'Floor-19 Shelf-6', NULL, '461.72', '1438-11-01', 1),
(902773778895, '978-2-7183-6421-6', 'Floor-19 Shelf-6', NULL, '452.18', '1438-11-01', 1),
(902773779116, '978-2-7183-6421-6', 'Floor-19 Shelf-6', NULL, '450.50', '1438-11-01', 1),
(902773779337, '978-2-8284-1348-4', 'Floor-14 Shelf-6', NULL, '332.79', '0178-12-01', 1),
(902773779558, '978-2-8284-1348-4', 'Floor-14 Shelf-6', NULL, '325.76', '0178-12-01', 1),
(902773779780, '978-3-1900-8082-3', 'Floor-16 Shelf-15', NULL, '399.90', '0397-11-01', 1),
(902773780001, '978-3-1900-8082-3', 'Floor-16 Shelf-15', NULL, '396.30', '0397-11-01', 1),
(902773780222, '978-3-1900-8082-3', 'Floor-16 Shelf-15', NULL, '390.58', '0397-11-01', 1),
(902773780444, '978-3-3716-6302-9', 'Floor-10 Shelf-15', NULL, '354.61', '1897-02-01', 1),
(902773780665, '978-3-3716-6302-9', 'Floor-10 Shelf-15', NULL, '358.27', '1897-02-01', 1),
(902773780886, '978-3-3716-6302-9', 'Floor-10 Shelf-15', NULL, '372.82', '1897-02-01', 1),
(902773781108, '978-3-4175-5596-7', 'Floor-2 Shelf-12', NULL, '222.37', '1398-11-01', 1),
(902773781329, '978-3-4175-5596-7', 'Floor-2 Shelf-12', NULL, '220.37', '1398-11-01', 1),
(902773781550, '978-3-4175-5596-7', 'Floor-2 Shelf-12', NULL, '213.11', '1398-11-01', 1),
(902773781772, '978-3-4539-2451-2', 'Floor-3 Shelf-4', NULL, '470.85', '1059-04-01', 1),
(902773781993, '978-3-4539-2451-2', 'Floor-3 Shelf-4', NULL, '479.94', '1059-04-01', 1),
(902773782214, '978-3-4539-2451-2', 'Floor-3 Shelf-4', NULL, '471.44', '1059-04-01', 1),
(902773782435, '978-3-4625-3037-7', 'Floor-12 Shelf-6', NULL, '217.93', '0842-02-01', 1),
(902773782657, '978-3-4853-5773-9', 'Floor-18 Shelf-7', NULL, '254.42', '0645-10-01', 1),
(902773782878, '978-3-4853-5773-9', 'Floor-18 Shelf-7', NULL, '270.48', '0645-10-01', 1),
(902773783099, '978-3-4853-5773-9', 'Floor-18 Shelf-7', NULL, '258.87', '0645-10-01', 1),
(902773783321, '978-3-4934-1085-3', 'Floor-1 Shelf-11', NULL, '129.85', '1570-11-01', 1),
(902773783542, '978-3-7944-8003-6', 'Floor-2 Shelf-3', NULL, '368.44', '0912-07-01', 3),
(902773783763, '978-3-7944-8003-6', 'Floor-2 Shelf-3', NULL, '382.28', '0912-07-01', 1),
(902773783985, '978-3-8116-3975-1', 'Floor-1 Shelf-3', NULL, '323.10', '1142-03-01', 1),
(902773784206, '978-3-8116-3975-1', 'Floor-1 Shelf-3', NULL, '322.82', '1142-03-01', 1),
(902773784427, '978-3-8116-3975-1', 'Floor-1 Shelf-3', NULL, '326.57', '1142-03-01', 1),
(902773784649, '978-3-8116-3975-1', 'Floor-1 Shelf-3', NULL, '339.23', '1142-03-01', 1),
(902773784870, '978-3-9016-1270-1', 'Floor-2 Shelf-2', NULL, '56.07', '1094-03-01', 1),
(902773785091, '978-3-9016-1270-1', 'Floor-2 Shelf-2', NULL, '50.05', '1094-03-01', 1),
(902773785312, '978-3-9016-1270-1', 'Floor-2 Shelf-2', NULL, '51.34', '1094-03-01', 1),
(902773785534, '978-3-9914-1188-8', 'Floor-17 Shelf-6', NULL, '431.58', '1471-06-01', 1),
(902773785755, '978-4-1208-1084-8', 'Floor-15 Shelf-15', NULL, '302.24', '1526-02-01', 3),
(902773785976, '978-4-1208-1084-8', 'Floor-15 Shelf-15', NULL, '295.42', '1526-02-01', 1),
(902773786198, '978-4-1477-5340-1', 'Floor-8 Shelf-14', NULL, '418.50', '0146-12-01', 1),
(902773786419, '978-4-1477-5340-1', 'Floor-8 Shelf-14', NULL, '413.92', '0146-12-01', 1),
(902773786640, '978-4-1477-5340-1', 'Floor-8 Shelf-14', NULL, '416.63', '0146-12-01', 1),
(902773786862, '978-4-2036-4641-8', 'Floor-3 Shelf-5', NULL, '109.15', '1936-11-01', 1),
(902773787083, '978-4-2036-4641-8', 'Floor-3 Shelf-5', NULL, '97.30', '1936-11-01', 1),
(902773787304, '978-4-2036-4641-8', 'Floor-3 Shelf-5', NULL, '93.62', '1936-11-01', 1),
(902773787526, '978-4-2545-7103-5', 'Floor-9 Shelf-5', NULL, '445.66', '1101-02-01', 1),
(902773787747, '978-4-2545-7103-5', 'Floor-9 Shelf-5', NULL, '443.19', '1101-02-01', 1),
(902773787968, '978-4-2545-7103-5', 'Floor-9 Shelf-5', NULL, '438.43', '1101-02-01', 1),
(902773788189, '978-4-4608-7573-6', 'Floor-8 Shelf-1', NULL, '174.17', '0736-12-01', 1),
(902773788411, '978-4-4608-7573-6', 'Floor-8 Shelf-1', NULL, '177.23', '0736-12-01', 1),
(902773788632, '978-4-4608-7573-6', 'Floor-8 Shelf-1', NULL, '176.99', '0736-12-01', 1),
(902773788853, '978-4-4608-7573-6', 'Floor-8 Shelf-1', NULL, '185.99', '0736-12-01', 1),
(902773789075, '978-4-5686-5055-6', 'Floor-20 Shelf-15', NULL, '232.33', '1815-08-01', 1),
(902773789296, '978-4-6973-8470-4', 'Floor-11 Shelf-10', NULL, '328.84', '1967-09-01', 1),
(902773789517, '978-4-7851-5989-4', 'Floor-10 Shelf-7', NULL, '59.64', '0690-10-01', 1),
(902773789739, '978-4-7851-5989-4', 'Floor-10 Shelf-7', NULL, '75.31', '0690-10-01', 1),
(902773789960, '978-4-7984-1717-2', 'Floor-14 Shelf-1', NULL, '457.31', '0504-06-01', 1),
(902773790181, '978-4-8902-3357-1', 'Floor-5 Shelf-1', NULL, '351.77', '0559-07-01', 1),
(902773790403, '978-4-8902-3357-1', 'Floor-5 Shelf-1', NULL, '348.33', '0559-07-01', 1),
(902773790624, '978-4-8902-3357-1', 'Floor-5 Shelf-1', NULL, '364.48', '0559-07-01', 1),
(902773790845, '978-5-4318-4207-8', 'Floor-19 Shelf-15', NULL, '457.87', '1945-06-01', 1),
(902773791066, '978-5-4318-4207-8', 'Floor-19 Shelf-15', NULL, '469.21', '1945-06-01', 1),
(902773791288, '978-5-5123-8271-4', 'Floor-11 Shelf-8', NULL, '89.25', '0119-11-01', 1),
(902773791509, '978-5-5123-8271-4', 'Floor-11 Shelf-8', NULL, '89.43', '0119-11-01', 1),
(902773791730, '978-5-5415-1893-1', 'Floor-1 Shelf-12', NULL, '371.64', '0869-10-01', 1),
(902773791952, '978-5-6588-7821-8', 'Floor-1 Shelf-6', NULL, '48.60', '1491-02-01', 1),
(902773792173, '978-5-6871-2977-0', 'Floor-11 Shelf-4', NULL, '113.80', '1769-07-01', 1),
(902773792394, '978-5-6871-2977-0', 'Floor-11 Shelf-4', NULL, '104.80', '1769-07-01', 1),
(902773792616, '978-5-6871-2977-0', 'Floor-11 Shelf-4', NULL, '96.85', '1769-07-01', 1),
(902773792837, '978-5-6871-2977-0', 'Floor-11 Shelf-4', NULL, '109.22', '1769-07-01', 1),
(902773793058, '978-5-8312-5088-6', 'Floor-4 Shelf-12', NULL, '194.81', '2000-04-01', 1),
(902773793280, '978-5-8375-8507-4', 'Floor-7 Shelf-10', NULL, '324.61', '0243-10-01', 1),
(902773793501, '978-5-8375-8507-4', 'Floor-7 Shelf-10', NULL, '314.93', '0243-10-01', 1),
(902773793722, '978-5-8378-1466-2', 'Floor-14 Shelf-10', NULL, '258.16', '0729-06-01', 1),
(902773793943, '978-5-8378-1466-2', 'Floor-14 Shelf-10', NULL, '255.03', '0729-06-01', 1),
(902773794165, '978-5-8378-1466-2', 'Floor-14 Shelf-10', NULL, '266.47', '0729-06-01', 1),
(902773794386, '978-5-9053-6781-6', 'Floor-19 Shelf-6', NULL, '193.81', '0590-03-01', 1),
(902773794607, '978-5-9053-6781-6', 'Floor-19 Shelf-6', NULL, '197.02', '0590-03-01', 1),
(902773794829, '978-5-9053-6781-6', 'Floor-19 Shelf-6', NULL, '188.54', '0590-03-01', 1),
(902773795050, '978-5-9215-6394-0', 'Floor-19 Shelf-5', NULL, '336.33', '1113-04-01', 1),
(902773795271, '978-5-9439-5051-3', 'Floor-2 Shelf-12', NULL, '222.43', '1270-12-01', 2),
(902773795493, '978-5-9439-5051-3', 'Floor-2 Shelf-12', NULL, '220.58', '1270-12-01', 1),
(902773795714, '978-5-9439-5051-3', 'Floor-2 Shelf-12', NULL, '216.14', '1270-12-01', 1),
(902773795935, '978-6-0361-7810-4', 'Floor-16 Shelf-2', NULL, '320.21', '0839-07-01', 1),
(902773796157, '978-6-0361-7810-4', 'Floor-16 Shelf-2', NULL, '318.30', '0839-07-01', 1),
(902773796378, '978-6-0361-7810-4', 'Floor-16 Shelf-2', NULL, '328.25', '0839-07-01', 1),
(902773796599, '978-6-0361-7810-4', 'Floor-16 Shelf-2', NULL, '317.92', '0839-07-01', 1),
(902773796820, '978-6-2123-4139-1', 'Floor-1 Shelf-5', NULL, '372.50', '0933-04-01', 1),
(902773797042, '978-6-2123-4139-1', 'Floor-1 Shelf-5', NULL, '365.59', '0933-04-01', 1),
(902773797263, '978-6-2328-5263-1', 'Floor-12 Shelf-3', NULL, '388.55', '0718-10-01', 1),
(902773797484, '978-6-2328-5263-1', 'Floor-12 Shelf-3', NULL, '387.15', '0718-10-01', 1),
(902773797706, '978-6-2328-5263-1', 'Floor-12 Shelf-3', NULL, '397.56', '0718-10-01', 1),
(902773797927, '978-6-5599-1020-5', 'Floor-2 Shelf-14', NULL, '80.93', '1939-11-01', 1),
(902773798148, '978-6-5599-1020-5', 'Floor-2 Shelf-14', NULL, '86.98', '1939-11-01', 1),
(902773798370, '978-6-5643-4834-5', 'Floor-2 Shelf-12', NULL, '73.21', '0138-08-01', 1),
(902773798591, '978-6-5643-4834-5', 'Floor-2 Shelf-12', NULL, '74.11', '0138-08-01', 1),
(902773798812, '978-6-6787-2354-0', 'Floor-20 Shelf-7', NULL, '359.80', '1394-09-01', 1),
(902773799034, '978-6-6787-2354-0', 'Floor-20 Shelf-7', NULL, '342.04', '1394-09-01', 1),
(902773799255, '978-6-7161-7503-4', 'Floor-14 Shelf-4', NULL, '127.13', '1282-08-01', 1),
(902773799476, '978-6-7161-7503-4', 'Floor-14 Shelf-4', NULL, '112.15', '1282-08-01', 1),
(902773799697, '978-6-7161-7503-4', 'Floor-14 Shelf-4', NULL, '114.80', '1282-08-01', 1),
(902773799919, '978-6-7161-7503-4', 'Floor-14 Shelf-4', NULL, '117.50', '1282-08-01', 1),
(902773800140, '978-6-7254-4738-2', 'Floor-10 Shelf-12', NULL, '487.47', '1441-11-01', 1),
(902773800361, '978-6-7254-4738-2', 'Floor-10 Shelf-12', NULL, '480.12', '1441-11-01', 1),
(902773800583, '978-6-8016-7450-3', 'Floor-18 Shelf-2', NULL, '305.60', '0905-11-01', 2),
(902773800804, '978-6-8016-7450-3', 'Floor-18 Shelf-2', NULL, '290.51', '0905-11-01', 1),
(902773801025, '978-6-8211-1907-7', 'Floor-13 Shelf-9', NULL, '392.87', '0179-04-01', 1),
(902773801247, '978-6-8211-1907-7', 'Floor-13 Shelf-9', NULL, '400.15', '0179-04-01', 1),
(902773801468, '978-6-9016-7857-3', 'Floor-19 Shelf-10', NULL, '415.42', '0751-08-01', 1),
(902773801689, '978-6-9016-7857-3', 'Floor-19 Shelf-10', NULL, '419.16', '0751-08-01', 1),
(902773801911, '978-6-9016-7857-3', 'Floor-19 Shelf-10', NULL, '422.50', '0751-08-01', 1),
(902773802132, '978-6-9152-9260-0', 'Floor-7 Shelf-8', NULL, '189.72', '1304-10-01', 1),
(902773802353, '978-6-9152-9260-0', 'Floor-7 Shelf-8', NULL, '187.46', '1304-10-01', 1),
(902773802574, '978-6-9152-9260-0', 'Floor-7 Shelf-8', NULL, '186.53', '1304-10-01', 1),
(902773802796, '978-7-0471-1706-9', 'Floor-4 Shelf-4', NULL, '319.70', '1969-12-01', 1),
(902773803017, '978-7-0471-1706-9', 'Floor-4 Shelf-4', NULL, '314.51', '1969-12-01', 1),
(902773803238, '978-7-1260-2467-7', 'Floor-4 Shelf-15', NULL, '263.44', '1977-08-01', 1),
(902773803460, '978-7-1690-9880-2', 'Floor-14 Shelf-12', NULL, '275.53', '0957-09-01', 1),
(902773803681, '978-7-1690-9880-2', 'Floor-14 Shelf-12', NULL, '278.90', '0957-09-01', 1),
(902773803902, '978-7-2459-9023-5', 'Floor-4 Shelf-9', NULL, '198.70', '0276-12-01', 1),
(902773804124, '978-7-2459-9023-5', 'Floor-4 Shelf-9', NULL, '194.86', '0276-12-01', 1),
(902773804345, '978-7-4446-7853-8', 'Floor-13 Shelf-1', NULL, '240.72', '1029-11-01', 1),
(902773804566, '978-7-4446-7853-8', 'Floor-13 Shelf-1', NULL, '234.07', '1029-11-01', 1),
(902773804788, '978-7-5120-6229-0', 'Floor-17 Shelf-10', NULL, '448.51', '1974-09-01', 1),
(902773805009, '978-7-5120-6229-0', 'Floor-17 Shelf-10', NULL, '449.69', '1974-09-01', 1),
(902773805230, '978-7-5120-6229-0', 'Floor-17 Shelf-10', NULL, '447.50', '1974-09-01', 1),
(902773805451, '978-7-6180-5024-5', 'Floor-20 Shelf-14', NULL, '367.30', '1742-03-01', 1),
(902773805673, '978-7-6180-5024-5', 'Floor-20 Shelf-14', NULL, '385.20', '1742-03-01', 1),
(902773805894, '978-7-8820-0829-4', 'Floor-20 Shelf-15', NULL, '159.06', '0044-12-01', 1),
(902773806115, '978-7-9703-8352-4', 'Floor-7 Shelf-14', NULL, '354.67', '1123-02-01', 1),
(902773806337, '978-7-9703-8352-4', 'Floor-7 Shelf-14', NULL, '344.31', '1123-02-01', 1),
(902773806558, '978-7-9979-2471-7', 'Floor-11 Shelf-3', NULL, '125.51', '2014-08-01', 1),
(902773806779, '978-8-0075-3638-8', 'Floor-8 Shelf-6', NULL, '60.25', '1118-11-01', 1),
(902773807001, '978-8-0075-3638-8', 'Floor-8 Shelf-6', NULL, '62.48', '1118-11-01', 1),
(902773807222, '978-8-0075-3638-8', 'Floor-8 Shelf-6', NULL, '64.07', '1118-11-01', 1),
(902773807443, '978-8-2917-4565-7', 'Floor-2 Shelf-3', NULL, '177.09', '0241-05-01', 1),
(902773807665, '978-8-2917-4565-7', 'Floor-2 Shelf-3', NULL, '186.22', '0241-05-01', 1),
(902773807886, '978-8-2917-4565-7', 'Floor-2 Shelf-3', NULL, '182.48', '0241-05-01', 1),
(902773808107, '978-8-3861-5351-0', 'Floor-15 Shelf-6', NULL, '69.74', '0868-05-01', 1),
(902773808328, '978-8-3861-5351-0', 'Floor-15 Shelf-6', NULL, '67.42', '0868-05-01', 1),
(902773808550, '978-8-4219-3198-1', 'Floor-13 Shelf-6', NULL, '199.84', '1818-12-01', 1),
(902773808771, '978-8-4267-5519-3', 'Floor-6 Shelf-8', NULL, '469.29', '0899-04-01', 1),
(902773808992, '978-8-4267-5519-3', 'Floor-6 Shelf-8', NULL, '454.14', '0899-04-01', 1),
(902773809214, '978-8-4267-5519-3', 'Floor-6 Shelf-8', NULL, '455.03', '0899-04-01', 1),
(902773809435, '978-8-4267-5519-3', 'Floor-6 Shelf-8', NULL, '470.49', '0899-04-01', 1),
(902773809656, '978-8-4590-6164-3', 'Floor-7 Shelf-14', NULL, '300.70', '1180-04-01', 1),
(902773809878, '978-8-4590-6164-3', 'Floor-7 Shelf-14', NULL, '298.53', '1180-04-01', 1),
(902773810099, '978-8-4590-6164-3', 'Floor-7 Shelf-14', NULL, '301.90', '1180-04-01', 1),
(902773810320, '978-8-5098-3170-7', 'Floor-11 Shelf-14', NULL, '282.63', '1150-04-01', 1),
(902773810542, '978-8-5098-3170-7', 'Floor-11 Shelf-14', NULL, '275.99', '1150-04-01', 1),
(902773810763, '978-8-6737-0410-4', 'Floor-14 Shelf-3', NULL, '388.78', '0477-08-01', 1),
(902773810984, '978-8-6737-0410-4', 'Floor-14 Shelf-3', NULL, '388.22', '0477-08-01', 1),
(902773811205, '978-8-6737-0410-4', 'Floor-14 Shelf-3', NULL, '400.85', '0477-08-01', 1),
(902773811427, '978-8-6757-5481-7', 'Floor-1 Shelf-12', NULL, '460.71', '1390-04-01', 1),
(902773811648, '978-8-6757-5481-7', 'Floor-1 Shelf-12', NULL, '461.26', '1390-04-01', 1),
(902773811869, '978-8-6757-5481-7', 'Floor-1 Shelf-12', NULL, '460.33', '1390-04-01', 1),
(902773812091, '978-8-6892-1634-9', 'Floor-6 Shelf-3', NULL, '439.59', '0377-02-01', 1),
(902773812312, '978-9-0560-3214-2', 'Floor-18 Shelf-9', NULL, '443.21', '1651-12-01', 1),
(902773812533, '978-9-0560-3214-2', 'Floor-18 Shelf-9', NULL, '445.85', '1651-12-01', 1),
(902773812755, '978-9-1906-6539-8', 'Floor-9 Shelf-5', NULL, '127.91', '1171-02-01', 1),
(902773812976, '978-9-1906-6539-8', 'Floor-9 Shelf-5', NULL, '121.67', '1171-02-01', 1),
(902773813197, '978-9-2258-7643-0', 'Floor-15 Shelf-5', NULL, '195.46', '2011-09-01', 1),
(902773813419, '978-9-3065-5081-5', 'Floor-5 Shelf-4', NULL, '211.79', '1682-06-01', 1),
(902773813640, '978-9-3065-5081-5', 'Floor-5 Shelf-4', NULL, '217.37', '1682-06-01', 1),
(902773813861, '978-9-3065-5081-5', 'Floor-5 Shelf-4', NULL, '216.60', '1682-06-01', 1),
(902773814082, '978-9-4533-0480-4', 'Floor-14 Shelf-2', NULL, '384.13', '1506-10-01', 1),
(902773814304, '978-9-4533-0480-4', 'Floor-14 Shelf-2', NULL, '383.62', '1506-10-01', 1),
(902773814525, '978-9-7139-8326-8', 'Floor-3 Shelf-10', NULL, '179.04', '0854-11-01', 1),
(902773814746, '978-9-7288-6914-4', 'Floor-19 Shelf-3', NULL, '65.50', '2002-10-01', 1),
(902773814968, '978-9-7288-6914-4', 'Floor-19 Shelf-3', NULL, '68.02', '2002-10-01', 1),
(902773815189, '978-9-7288-6914-4', 'Floor-19 Shelf-3', NULL, '82.34', '2002-10-01', 1),
(902773815410, '978-9-7288-6914-4', 'Floor-19 Shelf-3', NULL, '74.78', '2002-10-01', 1),
(902773815632, '978-9-9703-2408-8', 'Floor-20 Shelf-14', NULL, '224.83', '1860-12-01', 1),
(902773815853, '978-9-9703-2408-8', 'Floor-20 Shelf-14', NULL, '230.27', '1860-12-01', 1),
(903659000959, '978-0-0953-8960-0', 'Floor-1 Shelf-13', NULL, '114.75', '1933-05-01', 1),
(903659002877, '978-0-0953-8960-0', 'Floor-1 Shelf-13', NULL, '110.98', '1933-05-01', 1),
(903659003836, '978-0-1233-3619-4', 'Floor-13 Shelf-13', NULL, '201.96', '0961-05-01', 2),
(903659005754, '978-0-1791-1047-2', 'Floor-1 Shelf-6', NULL, '504.51', '0616-05-01', 1),
(903659006713, '978-0-1791-1047-2', 'Floor-1 Shelf-6', NULL, '500.19', '0616-05-01', 1),
(903659008631, '978-0-1791-1047-2', 'Floor-1 Shelf-6', NULL, '490.91', '0616-05-01', 1),
(903659009590, '978-0-1791-1047-2', 'Floor-1 Shelf-6', NULL, '505.42', '0616-05-01', 1),
(903659011508, '978-0-1791-1047-2', 'Floor-1 Shelf-6', NULL, '490.57', '0616-05-01', 1),
(903659012467, '978-0-1791-1047-2', 'Floor-1 Shelf-6', NULL, '503.70', '0616-05-01', 1),
(903659014385, '978-0-6514-7775-8', 'Floor-5 Shelf-13', NULL, '57.40', '0693-09-01', 1),
(903659015344, '978-0-6514-7775-8', 'Floor-5 Shelf-13', NULL, '63.23', '0693-09-01', 1),
(903659017262, '978-0-6514-7775-8', 'Floor-5 Shelf-13', NULL, '56.18', '0693-09-01', 1),
(903659018221, '978-0-6514-7775-8', 'Floor-5 Shelf-13', NULL, '61.19', '0693-09-01', 1),
(903659020139, '978-0-6514-7775-8', 'Floor-5 Shelf-13', NULL, '61.24', '0693-09-01', 1),
(903659021098, '978-0-6514-7775-8', 'Floor-5 Shelf-13', NULL, '45.97', '0693-09-01', 1),
(903659023016, '978-0-6514-7775-8', 'Floor-5 Shelf-13', NULL, '44.21', '0693-09-01', 1),
(903659023975, '978-0-7835-0240-3', 'Floor-12 Shelf-3', NULL, '373.56', '0801-05-01', 1),
(903659025893, '978-0-9199-2717-9', 'Floor-8 Shelf-7', NULL, '308.10', '1689-12-01', 2),
(903659026852, '978-0-9199-2717-9', 'Floor-8 Shelf-7', NULL, '309.73', '1689-12-01', 1),
(903659028770, '978-1-2110-6145-5', 'Floor-6 Shelf-10', NULL, '115.38', '1703-04-01', 1),
(903659029729, '978-1-4058-7207-2', 'Floor-2 Shelf-7', NULL, '131.32', '1181-03-01', 1),
(903659031647, '978-1-4058-7207-2', 'Floor-2 Shelf-7', NULL, '142.20', '1181-03-01', 1),
(903659032606, '978-1-4058-7207-2', 'Floor-2 Shelf-7', NULL, '137.09', '1181-03-01', 1),
(903659034524, '978-1-5634-7558-0', 'Floor-3 Shelf-3', NULL, '42.29', '0814-12-01', 1),
(903659035483, '978-1-5634-7558-0', 'Floor-3 Shelf-3', NULL, '41.08', '0814-12-01', 1),
(903659037401, '978-1-5634-7558-0', 'Floor-3 Shelf-3', NULL, '49.87', '0814-12-01', 1),
(903659038360, '978-1-5634-7558-0', 'Floor-3 Shelf-3', NULL, '44.27', '0814-12-01', 1),
(903659040278, '978-1-5634-7558-0', 'Floor-3 Shelf-3', NULL, '58.43', '0814-12-01', 1),
(903659041237, '978-1-5634-7558-0', 'Floor-3 Shelf-3', NULL, '56.79', '0814-12-01', 1),
(903659043155, '978-1-5634-7558-0', 'Floor-3 Shelf-3', NULL, '44.54', '0814-12-01', 1),
(903659044114, '978-1-5634-7558-0', 'Floor-3 Shelf-3', NULL, '48.20', '0814-12-01', 1),
(903659046032, '978-1-5716-0334-0', 'Floor-3 Shelf-7', NULL, '446.99', '1971-03-01', 1),
(903659046991, '978-1-5716-0334-0', 'Floor-3 Shelf-7', NULL, '436.80', '1971-03-01', 1),
(903659048909, '978-1-5716-0334-0', 'Floor-3 Shelf-7', NULL, '443.84', '1971-03-01', 1),
(903659049868, '978-1-5716-0334-0', 'Floor-3 Shelf-7', NULL, '440.26', '1971-03-01', 1),
(903659051786, '978-1-5716-0334-0', 'Floor-3 Shelf-7', NULL, '451.79', '1971-03-01', 1),
(903659052745, '978-1-5776-3720-2', 'Floor-12 Shelf-6', NULL, '417.24', '1676-09-01', 1),
(903659054663, '978-1-5776-3720-2', 'Floor-12 Shelf-6', NULL, '425.21', '1676-09-01', 1),
(903659055622, '978-1-5776-3720-2', 'Floor-12 Shelf-6', NULL, '408.41', '1676-09-01', 1),
(903659057540, '978-1-6685-9857-3', 'Floor-2 Shelf-1', NULL, '155.69', '1731-10-01', 1),
(903659058499, '978-1-6685-9857-3', 'Floor-2 Shelf-1', NULL, '156.30', '1731-10-01', 1),
(903659060417, '978-1-6685-9857-3', 'Floor-2 Shelf-1', NULL, '145.77', '1731-10-01', 1),
(903659061376, '978-1-6685-9857-3', 'Floor-2 Shelf-1', NULL, '144.89', '1731-10-01', 1),
(903659063294, '978-1-6685-9857-3', 'Floor-2 Shelf-1', NULL, '148.45', '1731-10-01', 1),
(903659064253, '978-1-6685-9857-3', 'Floor-2 Shelf-1', NULL, '146.91', '1731-10-01', 1),
(903659066171, '978-1-6685-9857-3', 'Floor-2 Shelf-1', NULL, '157.70', '1731-10-01', 1),
(903659067130, '978-1-8712-4145-7', 'Floor-20 Shelf-14', NULL, '371.06', '0793-06-01', 1),
(903659069048, '978-1-8712-4145-7', 'Floor-20 Shelf-14', NULL, '374.71', '0793-06-01', 1),
(903659070007, '978-1-9651-5444-1', 'Floor-11 Shelf-12', NULL, '352.65', '1326-10-01', 1),
(903659071925, '978-1-9651-5444-1', 'Floor-11 Shelf-12', NULL, '358.41', '1326-10-01', 1),
(903659072884, '978-1-9651-5444-1', 'Floor-11 Shelf-12', NULL, '354.56', '1326-10-01', 1),
(903659074802, '978-1-9651-5444-1', 'Floor-11 Shelf-12', NULL, '363.70', '1326-10-01', 1),
(903659075761, '978-1-9651-5444-1', 'Floor-11 Shelf-12', NULL, '352.92', '1326-10-01', 1),
(903659077679, '978-2-1108-8897-6', 'Floor-17 Shelf-2', NULL, '473.40', '0656-12-01', 1),
(903659078638, '978-2-1108-8897-6', 'Floor-17 Shelf-2', NULL, '454.35', '0656-12-01', 1),
(903659080556, '978-2-2591-2369-3', 'Floor-9 Shelf-9', NULL, '158.10', '0919-12-01', 1),
(903659081515, '978-2-2591-2369-3', 'Floor-9 Shelf-9', NULL, '139.20', '0919-12-01', 1),
(903659083433, '978-2-2591-2369-3', 'Floor-9 Shelf-9', NULL, '156.73', '0919-12-01', 1),
(903659084392, '978-2-2591-2369-3', 'Floor-9 Shelf-9', NULL, '151.62', '0919-12-01', 1),
(903659086310, '978-2-2591-2369-3', 'Floor-9 Shelf-9', NULL, '153.64', '0919-12-01', 1),
(903659087269, '978-2-2591-2369-3', 'Floor-9 Shelf-9', NULL, '142.01', '0919-12-01', 1),
(903659089187, '978-2-3184-7926-6', 'Floor-7 Shelf-1', NULL, '224.78', '0180-02-01', 1),
(903659090146, '978-2-3184-7926-6', 'Floor-7 Shelf-1', NULL, '210.68', '0180-02-01', 1),
(903659092064, '978-2-3184-7926-6', 'Floor-7 Shelf-1', NULL, '209.43', '0180-02-01', 1),
(903659093023, '978-2-3184-7926-6', 'Floor-7 Shelf-1', NULL, '218.41', '0180-02-01', 1),
(903659094941, '978-2-3265-0504-9', 'Floor-2 Shelf-10', NULL, '82.01', '1504-12-01', 1),
(903659095900, '978-2-3265-0504-9', 'Floor-2 Shelf-10', NULL, '74.60', '1504-12-01', 1),
(903659097818, '978-2-4220-6123-4', 'Floor-3 Shelf-12', NULL, '454.21', '0368-04-01', 1),
(903659098777, '978-2-5326-1228-9', 'Floor-5 Shelf-1', NULL, '479.21', '0155-10-01', 1),
(903659100695, '978-2-5326-1228-9', 'Floor-5 Shelf-1', NULL, '486.00', '0155-10-01', 1),
(903659101654, '978-2-5326-1228-9', 'Floor-5 Shelf-1', NULL, '480.88', '0155-10-01', 1),
(903659103572, '978-2-6425-7206-0', 'Floor-7 Shelf-4', NULL, '391.00', '1672-06-01', 1),
(903659104531, '978-2-6425-7206-0', 'Floor-7 Shelf-4', NULL, '380.48', '1672-06-01', 1),
(903659106449, '978-2-6425-7206-0', 'Floor-7 Shelf-4', NULL, '381.89', '1672-06-01', 1),
(903659107408, '978-2-6425-7206-0', 'Floor-7 Shelf-4', NULL, '382.19', '1672-06-01', 1),
(903659109326, '978-2-6425-7206-0', 'Floor-7 Shelf-4', NULL, '378.66', '1672-06-01', 1),
(903659110285, '978-2-6425-7206-0', 'Floor-7 Shelf-4', NULL, '384.82', '1672-06-01', 1),
(903659112203, '978-2-7012-5403-6', 'Floor-1 Shelf-12', NULL, '231.61', '1351-07-01', 1),
(903659113162, '978-2-7012-5403-6', 'Floor-1 Shelf-12', NULL, '226.42', '1351-07-01', 1),
(903659115080, '978-2-7012-5403-6', 'Floor-1 Shelf-12', NULL, '235.34', '1351-07-01', 1),
(903659116039, '978-2-7012-5403-6', 'Floor-1 Shelf-12', NULL, '220.77', '1351-07-01', 1),
(903659117957, '978-2-7012-5403-6', 'Floor-1 Shelf-12', NULL, '226.77', '1351-07-01', 1),
(903659118916, '978-2-7012-5403-6', 'Floor-1 Shelf-12', NULL, '234.93', '1351-07-01', 1),
(903659120834, '978-2-7012-5403-6', 'Floor-1 Shelf-12', NULL, '226.15', '1351-07-01', 1),
(903659121793, '978-2-7183-6421-6', 'Floor-19 Shelf-6', NULL, '458.43', '1438-11-01', 1),
(903659123711, '978-2-7183-6421-6', 'Floor-19 Shelf-6', NULL, '449.16', '1438-11-01', 1),
(903659124670, '978-2-7183-6421-6', 'Floor-19 Shelf-6', NULL, '463.65', '1438-11-01', 1),
(903659126588, '978-2-7183-6421-6', 'Floor-19 Shelf-6', NULL, '460.55', '1438-11-01', 1),
(903659127547, '978-2-7183-6421-6', 'Floor-19 Shelf-6', NULL, '460.20', '1438-11-01', 1),
(903659129465, '978-2-7183-6421-6', 'Floor-19 Shelf-6', NULL, '463.40', '1438-11-01', 1),
(903659130424, '978-2-8284-1348-4', 'Floor-14 Shelf-6', NULL, '332.57', '0178-12-01', 1),
(903659132342, '978-2-8284-1348-4', 'Floor-14 Shelf-6', NULL, '324.99', '0178-12-01', 1),
(903659133301, '978-2-8284-1348-4', 'Floor-14 Shelf-6', NULL, '330.49', '0178-12-01', 1),
(903659135219, '978-2-8284-1348-4', 'Floor-14 Shelf-6', NULL, '333.52', '0178-12-01', 1),
(903659136178, '978-3-1645-1692-1', 'Floor-10 Shelf-3', NULL, '138.79', '1566-06-01', 1),
(903659138096, '978-3-1900-8082-3', 'Floor-16 Shelf-15', NULL, '389.73', '0397-11-01', 1),
(903659139055, '978-3-1900-8082-3', 'Floor-16 Shelf-15', NULL, '386.03', '0397-11-01', 1),
(903659140973, '978-3-1900-8082-3', 'Floor-16 Shelf-15', NULL, '388.51', '0397-11-01', 1),
(903659141932, '978-3-1900-8082-3', 'Floor-16 Shelf-15', NULL, '389.67', '0397-11-01', 1),
(903659143850, '978-3-3716-6302-9', 'Floor-10 Shelf-15', NULL, '371.09', '1897-02-01', 1),
(903659144809, '978-3-3716-6302-9', 'Floor-10 Shelf-15', NULL, '366.20', '1897-02-01', 1),
(903659146727, '978-3-3716-6302-9', 'Floor-10 Shelf-15', NULL, '372.26', '1897-02-01', 1),
(903659147686, '978-3-3716-6302-9', 'Floor-10 Shelf-15', NULL, '372.89', '1897-02-01', 1),
(903659149604, '978-3-3716-6302-9', 'Floor-10 Shelf-15', NULL, '366.92', '1897-02-01', 1),
(903659150563, '978-3-3716-6302-9', 'Floor-10 Shelf-15', NULL, '369.00', '1897-02-01', 1),
(903659152481, '978-3-3716-6302-9', 'Floor-10 Shelf-15', NULL, '361.74', '1897-02-01', 1),
(903659153440, '978-3-4175-5596-7', 'Floor-2 Shelf-12', NULL, '228.24', '1398-11-01', 1),
(903659155358, '978-3-4175-5596-7', 'Floor-2 Shelf-12', NULL, '213.90', '1398-11-01', 1),
(903659156317, '978-3-4175-5596-7', 'Floor-2 Shelf-12', NULL, '217.40', '1398-11-01', 1),
(903659158235, '978-3-4175-5596-7', 'Floor-2 Shelf-12', NULL, '209.29', '1398-11-01', 1),
(903659159194, '978-3-4175-5596-7', 'Floor-2 Shelf-12', NULL, '215.68', '1398-11-01', 1),
(903659161112, '978-3-4539-2451-2', 'Floor-3 Shelf-4', NULL, '465.95', '1059-04-01', 1),
(903659162071, '978-3-4539-2451-2', 'Floor-3 Shelf-4', NULL, '482.56', '1059-04-01', 1),
(903659163989, '978-3-4539-2451-2', 'Floor-3 Shelf-4', NULL, '468.23', '1059-04-01', 1),
(903659164948, '978-3-4539-2451-2', 'Floor-3 Shelf-4', NULL, '477.17', '1059-04-01', 1),
(903659166866, '978-3-4539-2451-2', 'Floor-3 Shelf-4', NULL, '465.03', '1059-04-01', 1),
(903659167825, '978-3-4539-2451-2', 'Floor-3 Shelf-4', NULL, '470.78', '1059-04-01', 1),
(903659169743, '978-3-4539-2451-2', 'Floor-3 Shelf-4', NULL, '468.48', '1059-04-01', 1),
(903659170702, '978-3-4625-3037-7', 'Floor-12 Shelf-6', NULL, '212.38', '0842-02-01', 1),
(903659172620, '978-3-4625-3037-7', 'Floor-12 Shelf-6', NULL, '216.19', '0842-02-01', 1),
(903659173579, '978-3-4853-5773-9', 'Floor-18 Shelf-7', NULL, '258.90', '0645-10-01', 1),
(903659175497, '978-3-4853-5773-9', 'Floor-18 Shelf-7', NULL, '266.50', '0645-10-01', 1),
(903659176456, '978-3-4853-5773-9', 'Floor-18 Shelf-7', NULL, '258.30', '0645-10-01', 1),
(903659178374, '978-3-4853-5773-9', 'Floor-18 Shelf-7', NULL, '267.82', '0645-10-01', 1),
(903659179333, '978-3-4853-5773-9', 'Floor-18 Shelf-7', NULL, '254.56', '0645-10-01', 1),
(903659181251, '978-3-4934-1085-3', 'Floor-1 Shelf-11', NULL, '131.53', '1570-11-01', 1),
(903659182210, '978-3-4934-1085-3', 'Floor-1 Shelf-11', NULL, '122.61', '1570-11-01', 1),
(903659184128, '978-3-4934-1085-3', 'Floor-1 Shelf-11', NULL, '134.38', '1570-11-01', 1),
(903659185087, '978-3-4934-1085-3', 'Floor-1 Shelf-11', NULL, '122.18', '1570-11-01', 1),
(903659187005, '978-3-7944-8003-6', 'Floor-2 Shelf-3', NULL, '383.35', '0912-07-01', 1),
(903659187964, '978-3-7944-8003-6', 'Floor-2 Shelf-3', NULL, '376.49', '0912-07-01', 1),
(903659189882, '978-3-8009-1724-2', 'Floor-9 Shelf-8', NULL, '337.41', '1343-07-01', 1),
(903659190841, '978-3-8009-1724-2', 'Floor-9 Shelf-8', NULL, '321.94', '1343-07-01', 1),
(903659192759, '978-3-8116-3975-1', 'Floor-1 Shelf-3', NULL, '338.16', '1142-03-01', 1),
(903659193718, '978-3-8116-3975-1', 'Floor-1 Shelf-3', NULL, '337.21', '1142-03-01', 1),
(903659195636, '978-3-8116-3975-1', 'Floor-1 Shelf-3', NULL, '332.09', '1142-03-01', 1),
(903659196595, '978-3-8116-3975-1', 'Floor-1 Shelf-3', NULL, '336.32', '1142-03-01', 1),
(903659198513, '978-3-8116-3975-1', 'Floor-1 Shelf-3', NULL, '337.79', '1142-03-01', 1),
(903659199472, '978-3-8116-3975-1', 'Floor-1 Shelf-3', NULL, '338.81', '1142-03-01', 1),
(903659201390, '978-3-9016-1270-1', 'Floor-2 Shelf-2', NULL, '61.15', '1094-03-01', 1),
(903659202349, '978-3-9016-1270-1', 'Floor-2 Shelf-2', NULL, '55.27', '1094-03-01', 1),
(903659204267, '978-3-9016-1270-1', 'Floor-2 Shelf-2', NULL, '62.26', '1094-03-01', 1),
(903659205226, '978-3-9016-1270-1', 'Floor-2 Shelf-2', NULL, '54.61', '1094-03-01', 1),
(903659207144, '978-3-9016-1270-1', 'Floor-2 Shelf-2', NULL, '52.64', '1094-03-01', 1),
(903659208103, '978-3-9016-1270-1', 'Floor-2 Shelf-2', NULL, '48.69', '1094-03-01', 1),
(903659210021, '978-3-9016-1270-1', 'Floor-2 Shelf-2', NULL, '58.13', '1094-03-01', 1),
(903659210980, '978-3-9016-1270-1', 'Floor-2 Shelf-2', NULL, '57.46', '1094-03-01', 1),
(903659212898, '978-3-9914-1188-8', 'Floor-17 Shelf-6', NULL, '441.97', '1471-06-01', 1),
(903659213857, '978-3-9914-1188-8', 'Floor-17 Shelf-6', NULL, '440.22', '1471-06-01', 1),
(903659215775, '978-4-1208-1084-8', 'Floor-15 Shelf-15', NULL, '307.71', '1526-02-01', 1),
(903659216734, '978-4-1208-1084-8', 'Floor-15 Shelf-15', NULL, '289.23', '1526-02-01', 1),
(903659218652, '978-4-1477-5340-1', 'Floor-8 Shelf-14', NULL, '424.92', '0146-12-01', 1),
(903659219611, '978-4-1477-5340-1', 'Floor-8 Shelf-14', NULL, '414.09', '0146-12-01', 1),
(903659221529, '978-4-1477-5340-1', 'Floor-8 Shelf-14', NULL, '421.85', '0146-12-01', 1),
(903659222488, '978-4-1477-5340-1', 'Floor-8 Shelf-14', NULL, '411.74', '0146-12-01', 1),
(903659224406, '978-4-1477-5340-1', 'Floor-8 Shelf-14', NULL, '425.41', '0146-12-01', 1),
(903659225365, '978-4-1477-5340-1', 'Floor-8 Shelf-14', NULL, '414.42', '0146-12-01', 1),
(903659227283, '978-4-1756-6897-5', 'Floor-16 Shelf-12', NULL, '133.58', '0862-07-01', 1),
(903659228242, '978-4-2036-4641-8', 'Floor-3 Shelf-5', NULL, '108.12', '1936-11-01', 1),
(903659230160, '978-4-2036-4641-8', 'Floor-3 Shelf-5', NULL, '107.89', '1936-11-01', 1),
(903659231119, '978-4-2036-4641-8', 'Floor-3 Shelf-5', NULL, '105.42', '1936-11-01', 1),
(903659233037, '978-4-2036-4641-8', 'Floor-3 Shelf-5', NULL, '92.93', '1936-11-01', 1),
(903659233996, '978-4-2036-4641-8', 'Floor-3 Shelf-5', NULL, '110.06', '1936-11-01', 1),
(903659235914, '978-4-2036-4641-8', 'Floor-3 Shelf-5', NULL, '106.23', '1936-11-01', 1),
(903659236873, '978-4-2545-7103-5', 'Floor-9 Shelf-5', NULL, '441.84', '1101-02-01', 1),
(903659238791, '978-4-2545-7103-5', 'Floor-9 Shelf-5', NULL, '447.61', '1101-02-01', 1),
(903659239750, '978-4-2545-7103-5', 'Floor-9 Shelf-5', NULL, '436.19', '1101-02-01', 1),
(903659241668, '978-4-2545-7103-5', 'Floor-9 Shelf-5', NULL, '440.82', '1101-02-01', 1),
(903659242627, '978-4-2545-7103-5', 'Floor-9 Shelf-5', NULL, '442.08', '1101-02-01', 1),
(903659244545, '978-4-2545-7103-5', 'Floor-9 Shelf-5', NULL, '445.46', '1101-02-01', 1),
(903659245504, '978-4-2545-7103-5', 'Floor-9 Shelf-5', NULL, '446.65', '1101-02-01', 1),
(903659247422, '978-4-4608-7573-6', 'Floor-8 Shelf-1', NULL, '175.72', '0736-12-01', 1),
(903659248381, '978-4-4608-7573-6', 'Floor-8 Shelf-1', NULL, '185.53', '0736-12-01', 1),
(903659250299, '978-4-4608-7573-6', 'Floor-8 Shelf-1', NULL, '181.59', '0736-12-01', 1),
(903659251258, '978-4-4608-7573-6', 'Floor-8 Shelf-1', NULL, '177.18', '0736-12-01', 1),
(903659253176, '978-4-4608-7573-6', 'Floor-8 Shelf-1', NULL, '182.74', '0736-12-01', 1),
(903659254135, '978-4-4608-7573-6', 'Floor-8 Shelf-1', NULL, '189.22', '0736-12-01', 1),
(903659256053, '978-4-4608-7573-6', 'Floor-8 Shelf-1', NULL, '192.13', '0736-12-01', 1),
(903659257012, '978-4-5686-5055-6', 'Floor-20 Shelf-15', NULL, '228.84', '1815-08-01', 1),
(903659258930, '978-4-5686-5055-6', 'Floor-20 Shelf-15', NULL, '235.83', '1815-08-01', 1),
(903659259889, '978-4-6973-8470-4', 'Floor-11 Shelf-10', NULL, '313.43', '1967-09-01', 1),
(903659261807, '978-4-6973-8470-4', 'Floor-11 Shelf-10', NULL, '329.47', '1967-09-01', 1),
(903659262766, '978-4-7851-5989-4', 'Floor-10 Shelf-7', NULL, '67.36', '0690-10-01', 1),
(903659264684, '978-4-7851-5989-4', 'Floor-10 Shelf-7', NULL, '68.59', '0690-10-01', 1),
(903659265643, '978-4-7851-5989-4', 'Floor-10 Shelf-7', NULL, '64.92', '0690-10-01', 1),
(903659267561, '978-4-7851-5989-4', 'Floor-10 Shelf-7', NULL, '62.64', '0690-10-01', 1),
(903659268520, '978-4-7851-5989-4', 'Floor-10 Shelf-7', NULL, '74.21', '0690-10-01', 1),
(903659270438, '978-4-7984-1717-2', 'Floor-14 Shelf-1', NULL, '454.28', '0504-06-01', 1),
(903659271397, '978-4-8902-3357-1', 'Floor-5 Shelf-1', NULL, '353.02', '0559-07-01', 1),
(903659273315, '978-4-8902-3357-1', 'Floor-5 Shelf-1', NULL, '355.48', '0559-07-01', 1),
(903659274274, '978-4-8902-3357-1', 'Floor-5 Shelf-1', NULL, '366.30', '0559-07-01', 1),
(903659276192, '978-4-8902-3357-1', 'Floor-5 Shelf-1', NULL, '362.75', '0559-07-01', 1),
(903659277151, '978-4-8902-3357-1', 'Floor-5 Shelf-1', NULL, '361.53', '0559-07-01', 1),
(903659279069, '978-4-8902-3357-1', 'Floor-5 Shelf-1', NULL, '352.96', '0559-07-01', 1),
(903659280028, '978-5-4318-4207-8', 'Floor-19 Shelf-15', NULL, '466.10', '1945-06-01', 1),
(903659281946, '978-5-4318-4207-8', 'Floor-19 Shelf-15', NULL, '464.51', '1945-06-01', 1),
(903659282905, '978-5-4318-4207-8', 'Floor-19 Shelf-15', NULL, '455.84', '1945-06-01', 1),
(903659284823, '978-5-4318-4207-8', 'Floor-19 Shelf-15', NULL, '466.76', '1945-06-01', 1),
(903659285782, '978-5-5123-8271-4', 'Floor-11 Shelf-8', NULL, '99.73', '0119-11-01', 1),
(903659287700, '978-5-5123-8271-4', 'Floor-11 Shelf-8', NULL, '97.56', '0119-11-01', 1),
(903659288659, '978-5-5123-8271-4', 'Floor-11 Shelf-8', NULL, '97.88', '0119-11-01', 1),
(903659290577, '978-5-5415-1893-1', 'Floor-1 Shelf-12', NULL, '366.24', '0869-10-01', 1),
(903659291536, '978-5-5415-1893-1', 'Floor-1 Shelf-12', NULL, '357.30', '0869-10-01', 1),
(903659293454, '978-5-5415-1893-1', 'Floor-1 Shelf-12', NULL, '362.99', '0869-10-01', 1),
(903659294413, '978-5-6588-7821-8', 'Floor-1 Shelf-6', NULL, '60.18', '1491-02-01', 1),
(903659296331, '978-5-6588-7821-8', 'Floor-1 Shelf-6', NULL, '62.68', '1491-02-01', 1),
(903659297290, '978-5-6588-7821-8', 'Floor-1 Shelf-6', NULL, '66.89', '1491-02-01', 1),
(903659299208, '978-5-6871-2977-0', 'Floor-11 Shelf-4', NULL, '105.59', '1769-07-01', 1),
(903659300167, '978-5-6871-2977-0', 'Floor-11 Shelf-4', NULL, '113.77', '1769-07-01', 1),
(903659302085, '978-5-6871-2977-0', 'Floor-11 Shelf-4', NULL, '107.92', '1769-07-01', 1),
(903659303044, '978-5-6871-2977-0', 'Floor-11 Shelf-4', NULL, '108.96', '1769-07-01', 1),
(903659304962, '978-5-6871-2977-0', 'Floor-11 Shelf-4', NULL, '96.30', '1769-07-01', 1),
(903659305921, '978-5-6871-2977-0', 'Floor-11 Shelf-4', NULL, '111.77', '1769-07-01', 1),
(903659307839, '978-5-8312-5088-6', 'Floor-4 Shelf-12', NULL, '191.38', '2000-04-01', 1),
(903659308798, '978-5-8312-5088-6', 'Floor-4 Shelf-12', NULL, '198.67', '2000-04-01', 1),
(903659310716, '978-5-8375-8507-4', 'Floor-7 Shelf-10', NULL, '318.55', '0243-10-01', 1),
(903659311675, '978-5-8375-8507-4', 'Floor-7 Shelf-10', NULL, '315.35', '0243-10-01', 1),
(903659313593, '978-5-8375-8507-4', 'Floor-7 Shelf-10', NULL, '330.16', '0243-10-01', 1),
(903659314552, '978-5-8375-8507-4', 'Floor-7 Shelf-10', NULL, '311.83', '0243-10-01', 1),
(903659316470, '978-5-8375-8507-4', 'Floor-7 Shelf-10', NULL, '313.13', '0243-10-01', 1),
(903659317429, '978-5-8375-8507-4', 'Floor-7 Shelf-10', NULL, '329.58', '0243-10-01', 1),
(903659319347, '978-5-8378-1466-2', 'Floor-14 Shelf-10', NULL, '254.39', '0729-06-01', 1),
(903659320306, '978-5-8378-1466-2', 'Floor-14 Shelf-10', NULL, '259.05', '0729-06-01', 1),
(903659322224, '978-5-8378-1466-2', 'Floor-14 Shelf-10', NULL, '252.05', '0729-06-01', 1),
(903659323183, '978-5-8378-1466-2', 'Floor-14 Shelf-10', NULL, '252.89', '0729-06-01', 1),
(903659325101, '978-5-9053-6781-6', 'Floor-19 Shelf-6', NULL, '202.58', '0590-03-01', 1),
(903659326060, '978-5-9053-6781-6', 'Floor-19 Shelf-6', NULL, '186.52', '0590-03-01', 1),
(903659327978, '978-5-9053-6781-6', 'Floor-19 Shelf-6', NULL, '192.31', '0590-03-01', 1),
(903659328937, '978-5-9053-6781-6', 'Floor-19 Shelf-6', NULL, '198.42', '0590-03-01', 1),
(903659330855, '978-5-9053-6781-6', 'Floor-19 Shelf-6', NULL, '192.82', '0590-03-01', 1),
(903659331814, '978-5-9053-6781-6', 'Floor-19 Shelf-6', NULL, '197.90', '0590-03-01', 1),
(903659333732, '978-5-9215-6394-0', 'Floor-19 Shelf-5', NULL, '327.03', '1113-04-01', 1),
(903659334691, '978-5-9215-6394-0', 'Floor-19 Shelf-5', NULL, '337.30', '1113-04-01', 1),
(903659336609, '978-5-9439-5051-3', 'Floor-2 Shelf-12', NULL, '223.47', '1270-12-01', 1),
(903659337568, '978-5-9439-5051-3', 'Floor-2 Shelf-12', NULL, '204.18', '1270-12-01', 1),
(903659339486, '978-5-9439-5051-3', 'Floor-2 Shelf-12', NULL, '208.33', '1270-12-01', 1),
(903659340445, '978-5-9439-5051-3', 'Floor-2 Shelf-12', NULL, '219.39', '1270-12-01', 1),
(903659342363, '978-5-9439-5051-3', 'Floor-2 Shelf-12', NULL, '207.74', '1270-12-01', 1),
(903659343322, '978-5-9439-5051-3', 'Floor-2 Shelf-12', NULL, '220.67', '1270-12-01', 1),
(903659345240, '978-5-9439-5051-3', 'Floor-2 Shelf-12', NULL, '204.21', '1270-12-01', 1),
(903659346199, '978-5-9439-5051-3', 'Floor-2 Shelf-12', NULL, '207.14', '1270-12-01', 1),
(903659348117, '978-6-0361-7810-4', 'Floor-16 Shelf-2', NULL, '335.27', '0839-07-01', 1),
(903659349076, '978-6-0361-7810-4', 'Floor-16 Shelf-2', NULL, '327.11', '0839-07-01', 1),
(903659350994, '978-6-0361-7810-4', 'Floor-16 Shelf-2', NULL, '324.81', '0839-07-01', 1),
(903659351953, '978-6-0361-7810-4', 'Floor-16 Shelf-2', NULL, '333.07', '0839-07-01', 1),
(903659353871, '978-6-0361-7810-4', 'Floor-16 Shelf-2', NULL, '322.77', '0839-07-01', 1),
(903659354830, '978-6-0361-7810-4', 'Floor-16 Shelf-2', NULL, '329.37', '0839-07-01', 1),
(903659356748, '978-6-2123-4139-1', 'Floor-1 Shelf-5', NULL, '362.08', '0933-04-01', 1),
(903659357707, '978-6-2123-4139-1', 'Floor-1 Shelf-5', NULL, '358.24', '0933-04-01', 1),
(903659359625, '978-6-2123-4139-1', 'Floor-1 Shelf-5', NULL, '368.83', '0933-04-01', 1),
(903659360584, '978-6-2123-4139-1', 'Floor-1 Shelf-5', NULL, '361.40', '0933-04-01', 1),
(903659362502, '978-6-2328-5263-1', 'Floor-12 Shelf-3', NULL, '388.90', '0718-10-01', 1),
(903659363461, '978-6-2328-5263-1', 'Floor-12 Shelf-3', NULL, '389.36', '0718-10-01', 1),
(903659365379, '978-6-2328-5263-1', 'Floor-12 Shelf-3', NULL, '396.42', '0718-10-01', 1),
(903659366338, '978-6-2328-5263-1', 'Floor-12 Shelf-3', NULL, '391.01', '0718-10-01', 1),
(903659368256, '978-6-2328-5263-1', 'Floor-12 Shelf-3', NULL, '394.95', '0718-10-01', 1),
(903659369215, '978-6-2328-5263-1', 'Floor-12 Shelf-3', NULL, '401.02', '0718-10-01', 1),
(903659371133, '978-6-2328-5263-1', 'Floor-12 Shelf-3', NULL, '389.42', '0718-10-01', 1),
(903659372092, '978-6-2328-5263-1', 'Floor-12 Shelf-3', NULL, '402.25', '0718-10-01', 1),
(903659374010, '978-6-5599-1020-5', 'Floor-2 Shelf-14', NULL, '89.40', '1939-11-01', 1),
(903659374969, '978-6-5599-1020-5', 'Floor-2 Shelf-14', NULL, '94.14', '1939-11-01', 1),
(903659376887, '978-6-5643-4834-5', 'Floor-2 Shelf-12', NULL, '69.12', '0138-08-01', 1),
(903659377846, '978-6-5643-4834-5', 'Floor-2 Shelf-12', NULL, '68.44', '0138-08-01', 1),
(903659379764, '978-6-5643-4834-5', 'Floor-2 Shelf-12', NULL, '76.96', '0138-08-01', 1),
(903659380723, '978-6-5643-4834-5', 'Floor-2 Shelf-12', NULL, '65.97', '0138-08-01', 1),
(903659382641, '978-6-5643-4834-5', 'Floor-2 Shelf-12', NULL, '65.37', '0138-08-01', 1),
(903659383600, '978-6-5643-4834-5', 'Floor-2 Shelf-12', NULL, '59.58', '0138-08-01', 1),
(903659385518, '978-6-6787-2354-0', 'Floor-20 Shelf-7', NULL, '344.93', '1394-09-01', 1),
(903659386477, '978-6-6787-2354-0', 'Floor-20 Shelf-7', NULL, '345.86', '1394-09-01', 1),
(903659388395, '978-6-6787-2354-0', 'Floor-20 Shelf-7', NULL, '357.49', '1394-09-01', 1),
(903659389354, '978-6-7100-6603-1', 'Floor-1 Shelf-6', NULL, '85.51', '1368-12-01', 1),
(903659391272, '978-6-7161-7503-4', 'Floor-14 Shelf-4', NULL, '117.36', '1282-08-01', 1),
(903659392231, '978-6-7161-7503-4', 'Floor-14 Shelf-4', NULL, '113.02', '1282-08-01', 1),
(903659394149, '978-6-7161-7503-4', 'Floor-14 Shelf-4', NULL, '124.86', '1282-08-01', 1),
(903659395108, '978-6-7161-7503-4', 'Floor-14 Shelf-4', NULL, '127.29', '1282-08-01', 1),
(903659397026, '978-6-7161-7503-4', 'Floor-14 Shelf-4', NULL, '112.56', '1282-08-01', 1),
(903659397985, '978-6-7161-7503-4', 'Floor-14 Shelf-4', NULL, '124.75', '1282-08-01', 1),
(903659399903, '978-6-7254-4738-2', 'Floor-10 Shelf-12', NULL, '481.85', '1441-11-01', 1),
(903659400862, '978-6-7254-4738-2', 'Floor-10 Shelf-12', NULL, '496.49', '1441-11-01', 1),
(903659402780, '978-6-7254-4738-2', 'Floor-10 Shelf-12', NULL, '496.87', '1441-11-01', 1),
(903659403739, '978-6-7254-4738-2', 'Floor-10 Shelf-12', NULL, '499.84', '1441-11-01', 1),
(903659405657, '978-6-8016-7450-3', 'Floor-18 Shelf-2', NULL, '291.32', '0905-11-01', 1),
(903659406616, '978-6-8016-7450-3', 'Floor-18 Shelf-2', NULL, '297.43', '0905-11-01', 1),
(903659408534, '978-6-8016-7450-3', 'Floor-18 Shelf-2', NULL, '288.66', '0905-11-01', 1),
(903659409493, '978-6-8016-7450-3', 'Floor-18 Shelf-2', NULL, '300.76', '0905-11-01', 1),
(903659411411, '978-6-8016-7450-3', 'Floor-18 Shelf-2', NULL, '294.13', '0905-11-01', 1),
(903659412370, '978-6-8211-1907-7', 'Floor-13 Shelf-9', NULL, '393.23', '0179-04-01', 1),
(903659414288, '978-6-8211-1907-7', 'Floor-13 Shelf-9', NULL, '406.93', '0179-04-01', 1),
(903659415247, '978-6-8211-1907-7', 'Floor-13 Shelf-9', NULL, '395.68', '0179-04-01', 1),
(903659417165, '978-6-8211-1907-7', 'Floor-13 Shelf-9', NULL, '403.96', '0179-04-01', 1),
(903659418124, '978-6-9016-7857-3', 'Floor-19 Shelf-10', NULL, '424.62', '0751-08-01', 1),
(903659420042, '978-6-9016-7857-3', 'Floor-19 Shelf-10', NULL, '432.87', '0751-08-01', 1),
(903659421001, '978-6-9016-7857-3', 'Floor-19 Shelf-10', NULL, '421.04', '0751-08-01', 1),
(903659422919, '978-6-9016-7857-3', 'Floor-19 Shelf-10', NULL, '431.40', '0751-08-01', 1),
(903659423878, '978-6-9016-7857-3', 'Floor-19 Shelf-10', NULL, '416.44', '0751-08-01', 1),
(903659425796, '978-6-9016-7857-3', 'Floor-19 Shelf-10', NULL, '420.92', '0751-08-01', 1),
(903659426755, '978-6-9016-7857-3', 'Floor-19 Shelf-10', NULL, '427.14', '0751-08-01', 1),
(903659428673, '978-6-9152-9260-0', 'Floor-7 Shelf-8', NULL, '188.36', '1304-10-01', 1),
(903659429632, '978-6-9152-9260-0', 'Floor-7 Shelf-8', NULL, '179.97', '1304-10-01', 1),
(903659431550, '978-6-9152-9260-0', 'Floor-7 Shelf-8', NULL, '171.67', '1304-10-01', 1),
(903659432509, '978-6-9152-9260-0', 'Floor-7 Shelf-8', NULL, '183.67', '1304-10-01', 1),
(903659434427, '978-6-9152-9260-0', 'Floor-7 Shelf-8', NULL, '181.88', '1304-10-01', 1),
(903659435386, '978-6-9152-9260-0', 'Floor-7 Shelf-8', NULL, '178.72', '1304-10-01', 1),
(903659437304, '978-7-0471-1706-9', 'Floor-4 Shelf-4', NULL, '332.58', '1969-12-01', 1),
(903659438263, '978-7-0471-1706-9', 'Floor-4 Shelf-4', NULL, '328.80', '1969-12-01', 1),
(903659440181, '978-7-1260-2467-7', 'Floor-4 Shelf-15', NULL, '270.96', '1977-08-01', 1),
(903659441140, '978-7-1260-2467-7', 'Floor-4 Shelf-15', NULL, '274.07', '1977-08-01', 1),
(903659443058, '978-7-1260-2467-7', 'Floor-4 Shelf-15', NULL, '275.29', '1977-08-01', 1),
(903659444017, '978-7-1690-9880-2', 'Floor-14 Shelf-12', NULL, '265.40', '0957-09-01', 1),
(903659445935, '978-7-1690-9880-2', 'Floor-14 Shelf-12', NULL, '269.38', '0957-09-01', 1),
(903659446894, '978-7-1690-9880-2', 'Floor-14 Shelf-12', NULL, '279.31', '0957-09-01', 1),
(903659448812, '978-7-1690-9880-2', 'Floor-14 Shelf-12', NULL, '273.86', '0957-09-01', 1),
(903659449771, '978-7-2459-9023-5', 'Floor-4 Shelf-9', NULL, '197.61', '0276-12-01', 1),
(903659451689, '978-7-2459-9023-5', 'Floor-4 Shelf-9', NULL, '195.30', '0276-12-01', 1),
(903659452648, '978-7-2459-9023-5', 'Floor-4 Shelf-9', NULL, '190.80', '0276-12-01', 1),
(903659454566, '978-7-2459-9023-5', 'Floor-4 Shelf-9', NULL, '196.78', '0276-12-01', 1),
(903659455525, '978-7-2459-9023-5', 'Floor-4 Shelf-9', NULL, '207.69', '0276-12-01', 1),
(903659457443, '978-7-4446-7853-8', 'Floor-13 Shelf-1', NULL, '236.80', '1029-11-01', 1),
(903659458402, '978-7-4446-7853-8', 'Floor-13 Shelf-1', NULL, '247.39', '1029-11-01', 1),
(903659460320, '978-7-4446-7853-8', 'Floor-13 Shelf-1', NULL, '231.45', '1029-11-01', 1),
(903659461279, '978-7-4446-7853-8', 'Floor-13 Shelf-1', NULL, '244.33', '1029-11-01', 1),
(903659463197, '978-7-5120-6229-0', 'Floor-17 Shelf-10', NULL, '444.87', '1974-09-01', 1),
(903659464156, '978-7-5120-6229-0', 'Floor-17 Shelf-10', NULL, '458.77', '1974-09-01', 1),
(903659466074, '978-7-5120-6229-0', 'Floor-17 Shelf-10', NULL, '444.01', '1974-09-01', 1),
(903659467033, '978-7-5120-6229-0', 'Floor-17 Shelf-10', NULL, '449.18', '1974-09-01', 1),
(903659468951, '978-7-5120-6229-0', 'Floor-17 Shelf-10', NULL, '460.36', '1974-09-01', 1),
(903659469910, '978-7-5120-6229-0', 'Floor-17 Shelf-10', NULL, '452.07', '1974-09-01', 1),
(903659471828, '978-7-6180-5024-5', 'Floor-20 Shelf-14', NULL, '380.75', '1742-03-01', 1),
(903659472787, '978-7-6180-5024-5', 'Floor-20 Shelf-14', NULL, '374.87', '1742-03-01', 1),
(903659474705, '978-7-6180-5024-5', 'Floor-20 Shelf-14', NULL, '368.78', '1742-03-01', 1),
(903659475664, '978-7-6180-5024-5', 'Floor-20 Shelf-14', NULL, '385.15', '1742-03-01', 1),
(903659477582, '978-7-9703-8352-4', 'Floor-7 Shelf-14', NULL, '349.32', '1123-02-01', 1),
(903659478541, '978-7-9703-8352-4', 'Floor-7 Shelf-14', NULL, '361.46', '1123-02-01', 1),
(903659480459, '978-7-9703-8352-4', 'Floor-7 Shelf-14', NULL, '355.00', '1123-02-01', 1),
(903659481418, '978-7-9703-8352-4', 'Floor-7 Shelf-14', NULL, '355.09', '1123-02-01', 1),
(903659483336, '978-7-9703-8352-4', 'Floor-7 Shelf-14', NULL, '358.79', '1123-02-01', 1),
(903659484295, '978-7-9703-8352-4', 'Floor-7 Shelf-14', NULL, '354.98', '1123-02-01', 1),
(903659486213, '978-7-9979-2471-7', 'Floor-11 Shelf-3', NULL, '132.73', '2014-08-01', 1),
(903659487172, '978-8-0075-3638-8', 'Floor-8 Shelf-6', NULL, '69.81', '1118-11-01', 1),
(903659489090, '978-8-0075-3638-8', 'Floor-8 Shelf-6', NULL, '66.74', '1118-11-01', 1),
(903659490049, '978-8-0075-3638-8', 'Floor-8 Shelf-6', NULL, '58.83', '1118-11-01', 1),
(903659491967, '978-8-0075-3638-8', 'Floor-8 Shelf-6', NULL, '59.57', '1118-11-01', 1),
(903659492926, '978-8-0075-3638-8', 'Floor-8 Shelf-6', NULL, '72.15', '1118-11-01', 1),
(903659494844, '978-8-0075-3638-8', 'Floor-8 Shelf-6', NULL, '71.19', '1118-11-01', 1),
(903659495803, '978-8-0075-3638-8', 'Floor-8 Shelf-6', NULL, '67.04', '1118-11-01', 1),
(903659497721, '978-8-2917-4565-7', 'Floor-2 Shelf-3', NULL, '184.34', '0241-05-01', 1),
(903659498680, '978-8-2917-4565-7', 'Floor-2 Shelf-3', NULL, '190.10', '0241-05-01', 1),
(903659500598, '978-8-2917-4565-7', 'Floor-2 Shelf-3', NULL, '175.08', '0241-05-01', 1),
(903659501557, '978-8-2917-4565-7', 'Floor-2 Shelf-3', NULL, '184.17', '0241-05-01', 1),
(903659503475, '978-8-2917-4565-7', 'Floor-2 Shelf-3', NULL, '176.28', '0241-05-01', 1),
(903659504434, '978-8-2917-4565-7', 'Floor-2 Shelf-3', NULL, '186.58', '0241-05-01', 1),
(903659506352, '978-8-3861-5351-0', 'Floor-15 Shelf-6', NULL, '78.14', '0868-05-01', 1),
(903659507311, '978-8-3861-5351-0', 'Floor-15 Shelf-6', NULL, '67.29', '0868-05-01', 1),
(903659509229, '978-8-4219-3198-1', 'Floor-13 Shelf-6', NULL, '199.11', '1818-12-01', 1),
(903659510188, '978-8-4219-3198-1', 'Floor-13 Shelf-6', NULL, '216.06', '1818-12-01', 1),
(903659512106, '978-8-4219-3198-1', 'Floor-13 Shelf-6', NULL, '207.32', '1818-12-01', 1),
(903659513065, '978-8-4219-3198-1', 'Floor-13 Shelf-6', NULL, '200.86', '1818-12-01', 1),
(903659514983, '978-8-4267-5519-3', 'Floor-6 Shelf-8', NULL, '472.55', '0899-04-01', 1),
(903659515942, '978-8-4267-5519-3', 'Floor-6 Shelf-8', NULL, '465.69', '0899-04-01', 1),
(903659517860, '978-8-4267-5519-3', 'Floor-6 Shelf-8', NULL, '461.17', '0899-04-01', 1),
(903659518819, '978-8-4267-5519-3', 'Floor-6 Shelf-8', NULL, '457.04', '0899-04-01', 1),
(903659520737, '978-8-4267-5519-3', 'Floor-6 Shelf-8', NULL, '459.41', '0899-04-01', 1),
(903659521696, '978-8-4267-5519-3', 'Floor-6 Shelf-8', NULL, '454.57', '0899-04-01', 1),
(903659523614, '978-8-4590-6164-3', 'Floor-7 Shelf-14', NULL, '312.90', '1180-04-01', 1),
(903659524573, '978-8-4590-6164-3', 'Floor-7 Shelf-14', NULL, '309.08', '1180-04-01', 1),
(903659526491, '978-8-4590-6164-3', 'Floor-7 Shelf-14', NULL, '311.86', '1180-04-01', 1),
(903659527450, '978-8-4590-6164-3', 'Floor-7 Shelf-14', NULL, '305.20', '1180-04-01', 1),
(903659529368, '978-8-4590-6164-3', 'Floor-7 Shelf-14', NULL, '313.54', '1180-04-01', 1),
(903659530327, '978-8-4590-6164-3', 'Floor-7 Shelf-14', NULL, '301.59', '1180-04-01', 1),
(903659532245, '978-8-4590-6164-3', 'Floor-7 Shelf-14', NULL, '297.02', '1180-04-01', 1),
(903659533204, '978-8-4590-6164-3', 'Floor-7 Shelf-14', NULL, '298.39', '1180-04-01', 1),
(903659535122, '978-8-5098-3170-7', 'Floor-11 Shelf-14', NULL, '279.25', '1150-04-01', 1),
(903659536081, '978-8-5098-3170-7', 'Floor-11 Shelf-14', NULL, '279.87', '1150-04-01', 1),
(903659537999, '978-8-5098-3170-7', 'Floor-11 Shelf-14', NULL, '288.53', '1150-04-01', 1),
(903659538958, '978-8-5098-3170-7', 'Floor-11 Shelf-14', NULL, '283.32', '1150-04-01', 1),
(903659540876, '978-8-6737-0410-4', 'Floor-14 Shelf-3', NULL, '394.87', '0477-08-01', 1),
(903659541835, '978-8-6737-0410-4', 'Floor-14 Shelf-3', NULL, '402.02', '0477-08-01', 1),
(903659543753, '978-8-6737-0410-4', 'Floor-14 Shelf-3', NULL, '386.72', '0477-08-01', 1),
(903659544712, '978-8-6737-0410-4', 'Floor-14 Shelf-3', NULL, '388.83', '0477-08-01', 1),
(903659546630, '978-8-6737-0410-4', 'Floor-14 Shelf-3', NULL, '400.88', '0477-08-01', 1),
(903659547589, '978-8-6757-5481-7', 'Floor-1 Shelf-12', NULL, '460.12', '1390-04-01', 1),
(903659549507, '978-8-6757-5481-7', 'Floor-1 Shelf-12', NULL, '461.93', '1390-04-01', 1),
(903659550466, '978-8-6757-5481-7', 'Floor-1 Shelf-12', NULL, '458.98', '1390-04-01', 1),
(903659552384, '978-8-6757-5481-7', 'Floor-1 Shelf-12', NULL, '459.43', '1390-04-01', 1),
(903659553343, '978-8-6757-5481-7', 'Floor-1 Shelf-12', NULL, '467.62', '1390-04-01', 1),
(903659555261, '978-8-6892-1634-9', 'Floor-6 Shelf-3', NULL, '433.82', '0377-02-01', 1),
(903659556220, '978-8-6892-1634-9', 'Floor-6 Shelf-3', NULL, '438.98', '0377-02-01', 1),
(903659558138, '978-8-6892-1634-9', 'Floor-6 Shelf-3', NULL, '433.96', '0377-02-01', 1),
(903659559097, '978-9-0560-3214-2', 'Floor-18 Shelf-9', NULL, '445.66', '1651-12-01', 1),
(903659561015, '978-9-0560-3214-2', 'Floor-18 Shelf-9', NULL, '441.13', '1651-12-01', 1),
(903659561974, '978-9-0560-3214-2', 'Floor-18 Shelf-9', NULL, '436.47', '1651-12-01', 1),
(903659563892, '978-9-0560-3214-2', 'Floor-18 Shelf-9', NULL, '449.38', '1651-12-01', 1),
(903659564851, '978-9-1906-6539-8', 'Floor-9 Shelf-5', NULL, '121.97', '1171-02-01', 1),
(903659566769, '978-9-1906-6539-8', 'Floor-9 Shelf-5', NULL, '128.47', '1171-02-01', 1),
(903659567728, '978-9-1906-6539-8', 'Floor-9 Shelf-5', NULL, '134.25', '1171-02-01', 1),
(903659569646, '978-9-1906-6539-8', 'Floor-9 Shelf-5', NULL, '135.89', '1171-02-01', 1),
(903659570605, '978-9-2258-7643-0', 'Floor-15 Shelf-5', NULL, '181.96', '2011-09-01', 1),
(903659572523, '978-9-2258-7643-0', 'Floor-15 Shelf-5', NULL, '181.31', '2011-09-01', 1),
(903659573482, '978-9-3065-5081-5', 'Floor-5 Shelf-4', NULL, '210.64', '1682-06-01', 1),
(903659575400, '978-9-3065-5081-5', 'Floor-5 Shelf-4', NULL, '208.25', '1682-06-01', 1),
(903659576359, '978-9-3065-5081-5', 'Floor-5 Shelf-4', NULL, '217.28', '1682-06-01', 1),
(903659578277, '978-9-3065-5081-5', 'Floor-5 Shelf-4', NULL, '221.69', '1682-06-01', 1),
(903659579236, '978-9-3065-5081-5', 'Floor-5 Shelf-4', NULL, '216.93', '1682-06-01', 1),
(903659581154, '978-9-4533-0480-4', 'Floor-14 Shelf-2', NULL, '392.25', '1506-10-01', 1),
(903659582113, '978-9-4533-0480-4', 'Floor-14 Shelf-2', NULL, '379.14', '1506-10-01', 1),
(903659584031, '978-9-4533-0480-4', 'Floor-14 Shelf-2', NULL, '386.66', '1506-10-01', 1),
(903659584990, '978-9-4533-0480-4', 'Floor-14 Shelf-2', NULL, '379.88', '1506-10-01', 1),
(903659586908, '978-9-4533-0480-4', 'Floor-14 Shelf-2', NULL, '384.13', '1506-10-01', 1),
(903659587867, '978-9-4533-0480-4', 'Floor-14 Shelf-2', NULL, '393.79', '1506-10-01', 1),
(903659589785, '978-9-7139-8326-8', 'Floor-3 Shelf-10', NULL, '188.39', '0854-11-01', 1),
(903659590744, '978-9-7288-6914-4', 'Floor-19 Shelf-3', NULL, '63.48', '2002-10-01', 1),
(903659592662, '978-9-7288-6914-4', 'Floor-19 Shelf-3', NULL, '70.81', '2002-10-01', 1),
(903659593621, '978-9-7288-6914-4', 'Floor-19 Shelf-3', NULL, '66.71', '2002-10-01', 1),
(903659595539, '978-9-7288-6914-4', 'Floor-19 Shelf-3', NULL, '64.06', '2002-10-01', 1),
(903659596498, '978-9-7288-6914-4', 'Floor-19 Shelf-3', NULL, '69.85', '2002-10-01', 1),
(903659598416, '978-9-7288-6914-4', 'Floor-19 Shelf-3', NULL, '80.39', '2002-10-01', 1),
(903659599375, '978-9-7288-6914-4', 'Floor-19 Shelf-3', NULL, '69.87', '2002-10-01', 1),
(903659601293, '978-9-8484-2973-0', 'Floor-1 Shelf-7', NULL, '124.56', '1934-06-01', 1),
(903659602252, '978-9-9703-2408-8', 'Floor-20 Shelf-14', NULL, '221.79', '1860-12-01', 1),
(903659604170, '978-9-9703-2408-8', 'Floor-20 Shelf-14', NULL, '228.44', '1860-12-01', 1),
(903659605129, '978-9-9703-2408-8', 'Floor-20 Shelf-14', NULL, '226.15', '1860-12-01', 1),
(903659607047, '978-9-9703-2408-8', 'Floor-20 Shelf-14', NULL, '223.31', '1860-12-01', 1),
(903659608006, '978-9-9703-2408-8', 'Floor-20 Shelf-14', 11, '227.24', '1860-12-01', 1);

--
-- Triggers `bookItem`
--
DELIMITER $$
CREATE TRIGGER `BEFORE_bookItem_Delete` BEFORE DELETE ON `bookItem` FOR EACH ROW UPDATE books SET totalCopies = totalCopies -1 WHERE bookISBN = OLD.bookISBN
$$
DELIMITER ;
DELIMITER $$
CREATE TRIGGER `BEFORE_bookItem_Insert` BEFORE INSERT ON `bookItem` FOR EACH ROW UPDATE books SET totalCopies = totalCopies +1 WHERE bookISBN = NEW.bookISBN
$$
DELIMITER ;

-- --------------------------------------------------------

--
-- Table structure for table `books`
--

CREATE TABLE `books` (
  `bookISBN` varchar(18) COLLATE utf8_unicode_ci NOT NULL,
  `bookName` varchar(100) COLLATE utf8_unicode_ci NOT NULL,
  `totalCopies` tinyint(3) NOT NULL DEFAULT 0,
  `remainingCopies` tinyint(3) NOT NULL DEFAULT 0,
  `author` varchar(30) COLLATE utf8_unicode_ci NOT NULL DEFAULT 'Unknown',
  `pages` smallint(5) NOT NULL,
  `edition` varchar(20) COLLATE utf8_unicode_ci DEFAULT NULL,
  `express` tinyint(1) NOT NULL DEFAULT 0 COMMENT 'Books that are popular will can be marked as express, this will mean their will be a shorter time to borrow them',
  `holds` smallint(5) NOT NULL DEFAULT 0,
  `category` varchar(35) COLLATE utf8_unicode_ci DEFAULT NULL
) ENGINE=InnoDB DEFAULT CHARSET=utf8 COLLATE=utf8_unicode_ci;

--
-- Dumping data for table `books`
--

INSERT INTO `books` (`bookISBN`, `bookName`, `totalCopies`, `remainingCopies`, `author`, `pages`, `edition`, `express`, `holds`, `category`) VALUES
('978-0-0953-8960-0', 'Madcap Magic for Wacky Warlocks', 3, 3, 'Unknown', 685, NULL, 0, 0, 'Charms'),
('978-0-1233-3619-4', 'Guide to Advanced Transfiguration', 2, 2, 'Unknown', 977, NULL, 0, 1, 'Transfiguration'),
('978-0-1791-1047-2', 'Self-Defensive Spellwork', 8, 8, 'Unknown', 633, NULL, 0, 0, 'Defence Against the Dark Arts'),
('978-0-6514-7775-8', 'Natures Nobility: A Wizarding Genealogy', 11, 11, 'Unknown', 434, NULL, 0, 0, 'History of Magic'),
('978-0-7835-0240-3', 'Achievements in Charming', 1, 1, 'Ilutrixi Arin', 473, '1st', 0, 0, 'Charms'),
('978-0-8712-6531-9', 'Basic Hexes for the Busy and Vexed', 1, 1, 'Unknown', 665, NULL, 0, 0, 'Defence Against the Dark Arts '),
('978-0-9199-2717-9', 'Armando Dippet: Master or Moron? ', 3, 3, 'Rita Skeeter ', 906, NULL, 0, 2, 'Biography'),
('978-1-2110-6145-5', 'Great Wizards of the Twentieth Century', 1, 1, 'Unknown', 933, NULL, 0, 0, 'History of Magic'),
('978-1-4058-7207-2', 'Men Who Love Dragons Too Much', 5, 5, 'Unknown', 950, NULL, 0, 1, 'Care of Magical Creatures'),
('978-1-5634-7558-0', 'The Standard Book of Spells', 11, 11, 'Miranda Goshawk', 950, 'Year 5', 0, 0, 'Charms'),
('978-1-5716-0334-0', 'Notable Magical Names of Our Time', 8, 8, 'Unknown', 903, NULL, 0, 0, 'History of Magic'),
('978-1-5776-3720-2', 'Gadding With Ghouls ', 5, 5, ' Gilderoy Lockhart', 663, 'regular', 0, 0, 'Care of Magical Creatures'),
('978-1-6685-9857-3', 'Confronting the Faceless', 10, 10, 'Nicholas Fleming', 806, NULL, 0, 1, 'Defence Against the Dark Arts '),
('978-1-8712-4145-7', 'Fowl or Foul? A Study of Hippogriff Brutality', 3, 3, 'Unknown', 441, NULL, 0, 0, 'Care of Magical Creatures'),
('978-1-9651-5444-1', 'Home Life and Social Habits of British Muggles', 7, 7, ' Wilhelm Wigworthy', 589, 'regular', 0, 0, 'Muggle Studies'),
('978-2-1108-8897-6', 'The Essential Defence Against the Dark Arts ', 4, 4, ' Arsenius Jigger', 623, 'regular', 0, 0, 'Defence Against the Dark Arts'),
('978-2-2591-2369-3', 'Ancient Runes Translation', 8, 8, 'Nick Merlin', 947, NULL, 0, 0, 'Ancient Runes'),
('978-2-3184-7926-6', 'Jinxes for the Jinxed', 6, 6, 'Unknown', 669, NULL, 0, 0, 'Charms'),
('978-2-3265-0504-9', 'Weird Wizarding Dilemmas and Their Solutions', 4, 4, 'Unknown', 701, NULL, 0, 0, 'Charms'),
('978-2-4220-6123-4', 'Handbook of Hippogriff Psychology', 1, 1, 'Unknown', 501, NULL, 0, 0, 'Care of Magical Creatures'),
('978-2-5326-1228-9', 'Asiatic Anti-Venoms', 5, 5, 'Libatius Borage', 603, NULL, 0, 0, 'Potions'),
('978-2-6425-7206-0', 'Dragon Breeding for Pleasure and Profit', 9, 9, 'Unknown', 513, NULL, 0, 0, 'Care of Magical Creatures'),
('978-2-7012-5403-6', 'An Anthology of Eighteenth Century Charms', 10, 10, 'Qenyll Pendragon', 955, '18th edition', 0, 0, 'Charms'),
('978-2-7183-6421-6', 'The Adventures of Martin Miggs, the Mad Muggle', 9, 9, 'Olore Gihagan', 435, NULL, 0, 0, 'Muggle Studies'),
('978-2-8284-1348-4', 'Modern Magical History', 6, 6, 'Unknown', 712, NULL, 0, 0, 'History of Magic'),
('978-3-1645-1692-1', 'A Beginner\'s Guide to Transfiguration', 1, 1, 'Udogast Oberon', 657, NULL, 0, 0, 'Transfiguration'),
('978-3-1900-8082-3', 'Powers You Never Knew You Had and What To Do With Them Now You have Wised Up', 7, 7, 'Unknown', 747, NULL, 0, 0, 'Magical self-help'),
('978-3-3716-6302-9', 'The Standard Book of Spells', 10, 10, 'Miranda Goshawk', 765, 'Year 6', 0, 0, 'Charms'),
('978-3-4175-5596-7', 'The Standard Book of Spells', 8, 8, 'Miranda Goshawk', 586, 'Year 2', 0, 0, 'Charms'),
('978-3-4539-2451-2', 'Magick Most Evile', 10, 10, 'Galdot', 834, NULL, 0, 0, 'Dark Arts '),
('978-3-4625-3037-7', 'Monster Book of Monsters', 3, 3, 'Unknown', 814, NULL, 0, 0, 'Care of Magical Creatures'),
('978-3-4853-5773-9', 'Defensive Magical Theory', 8, 8, 'Wilbert Slinkhard', 569, NULL, 0, 0, 'Magical Theory'),
('978-3-4934-1085-3', 'Saucy Tricks for Tricky Sorts', 5, 5, 'Unknown', 602, NULL, 0, 0, 'Charms'),
('978-3-7944-8003-6', 'Quintessence: A Quest', 4, 4, 'Unknown', 905, NULL, 0, 0, 'Charms'),
('978-3-8009-1724-2', 'Flesh-Eating Trees of the World', 2, 2, 'Unknown', 518, NULL, 0, 0, 'Herbology'),
('978-3-8116-3975-1', 'Great Wizarding Events of the Twentieth Century', 10, 10, 'Unknown', 678, NULL, 0, 0, 'History of Magic'),
('978-3-9016-1270-1', 'Death Omens', 11, 11, 'Unknown', 833, NULL, 0, 0, 'Divination'),
('978-3-9914-1188-8', 'The Standard Book of Spells', 3, 3, 'Miranda Goshawk', 534, 'Year 4', 0, 0, 'Charms'),
('978-4-1208-1084-8', 'Broken Balls: When Fortunes Turn Foul', 4, 4, 'Erazith Abraxus', 973, '3rd', 0, 0, 'Divination'),
('978-4-1477-5340-1', 'The Dark Arts Outsmarted', 9, 9, 'Mathew Blotts ', 460, NULL, 0, 0, 'Defence Against the Dark Arts '),
('978-4-1756-6897-5', 'Wanderings With Werewolves', 1, 1, ' Gilderoy Lockhart', 784, 'regular', 0, 0, 'Care of Magical Creatures'),
('978-4-2036-4641-8', 'Unfogging the Future', 9, 9, ' Cassandra Vablatsky', 942, 'regular', 0, 0, 'Divination'),
('978-4-2545-7103-5', 'The Life and Lies of Albus Dumbledore', 10, 10, ' Rita Skeeter', 755, 'regular', 0, 0, 'Biography'),
('978-4-4608-7573-6', 'Invisible Book of Invisibility', 11, 11, 'Unknown', 553, NULL, 0, 0, 'Transfiguration'),
('978-4-5686-5055-6', 'Advanced Rune Translation', 3, 3, 'Unknown', 698, '3rd', 0, 0, 'Ancient Runes'),
('978-4-6973-8470-4', 'The Dream Oracle ', 3, 3, 'Inigo Imago', 832, NULL, 0, 0, 'Divination'),
('978-4-7851-5989-4', 'Flying With the Cannons', 7, 7, 'Unknown', 466, NULL, 0, 0, 'Quidditch'),
('978-4-7984-1717-2', 'Twelve Fail-Safe Ways to Charm Witches', 2, 2, 'Unknown', 635, NULL, 0, 0, 'Charms'),
('978-4-8902-3357-1', 'One Minute Feasts - Its Magic!', 9, 9, 'Unknown', 780, NULL, 0, 0, 'Charms'),
('978-5-4318-4207-8', 'From Egg to Inferno, A Dragon Keepers Guide', 6, 6, 'Unknown', 992, NULL, 0, 0, 'Care of Magical Creatures'),
('978-5-5123-8271-4', 'Common Magical Ailments and Afflictions', 5, 5, 'Illiminius Vorox', 420, '18th edition', 0, 0, 'Herbology'),
('978-5-5415-1893-1', 'Voyages With Vampires', 4, 4, ' Gilderoy Lockhart', 527, 'regular', 0, 0, 'Care of Magical Creatures'),
('978-5-6588-7821-8', 'Compendium of Common Curses and Counter-Actions', 4, 4, 'Maldox Rithirium', 975, 'Lion\'s edition', 0, 0, 'Defence Against the Dark Arts '),
('978-5-6871-2977-0', 'Enchantment in Baking', 10, 10, 'Molly Cooper', 495, NULL, 0, 0, 'Charms'),
('978-5-8312-5088-6', 'The Standard Book of Spells', 3, 3, 'Miranda Goshawk', 952, 'Year 3', 0, 0, 'Charms'),
('978-5-8375-8507-4', 'The Rise and Fall of the Dark Arts', 8, 8, 'Unknown', 472, NULL, 0, 0, 'History of Magic'),
('978-5-8378-1466-2', 'Ancient Runes Made Easy', 7, 7, 'Unknown', 907, 'Hogwart\'s edition', 0, 0, 'Ancient Runes'),
('978-5-9053-6781-6', 'Hogwarts, A History', 9, 9, 'Unknown', 920, NULL, 0, 0, 'History of Magic'),
('978-5-9215-6394-0', 'Gilderoy Lockhart\'s Guide to Household Pests', 3, 3, ' Gilderoy Lockhart', 878, 'regular', 0, 0, 'Care of Magical Creatures'),
('978-5-9439-5051-3', 'One Thousand Magical Herbs and Fungi', 11, 11, ' Phyllida Spore', 630, 'regular', 0, 1, 'Herbology'),
('978-6-0361-7810-4', 'The Healers Helpmate', 10, 10, 'Unknown', 719, NULL, 0, 0, 'Herbology'),
('978-6-2123-4139-1', 'Magical Hieroglyphs and Logograms', 6, 6, 'Unknown', 703, NULL, 0, 0, 'Herbology'),
('978-6-2328-5263-1', 'Magical Drafts and Potions', 11, 11, ' Arsenius Jigger', 958, 'regular', 0, 0, 'Potions'),
('978-6-5599-1020-5', 'The Standard Book of Spells', 4, 4, 'Miranda Goshawk', 481, 'Year 1', 0, 0, 'Charms'),
('978-6-5643-4834-5', 'Magical Me', 8, 8, ' Gilderoy Lockhart', 932, 'regular', 0, 0, 'Biography'),
('978-6-6787-2354-0', 'Important Modern Magical Discoveries', 5, 5, 'Unknown', 418, NULL, 0, 0, 'History of Magic'),
('978-6-7100-6603-1', 'Encyclopedia of Toadstools', 1, 1, 'Unknown', 694, NULL, 0, 0, 'Care of Magical Creatures'),
('978-6-7161-7503-4', 'Spellmans Syllabary', 10, 10, 'Unknown', 618, NULL, 0, 0, 'Charms'),
('978-6-7254-4738-2', 'Curses and Counter-curses ', 6, 6, 'Vindictus Viridian', 606, NULL, 0, 0, 'Charms'),
('978-6-8016-7450-3', 'Prefects Who Gained Power', 7, 7, 'Unknown', 779, NULL, 0, 1, 'Career'),
('978-6-8211-1907-7', 'A History of Magic', 6, 6, ' Bathilda Bagshot', 477, 'regular', 0, 0, 'History of Magic '),
('978-6-9016-7857-3', 'Predicting the Unpredictable: Insulate Yourself Against Shocks', 10, 10, 'Unknown', 846, NULL, 0, 0, 'Divination'),
('978-6-9152-9260-0', 'Magical Water Plants of the Mediterranean', 9, 9, 'Unknown', 601, NULL, 0, 0, 'Herbology'),
('978-7-0471-1706-9', 'The Tales of Beedle the Bard', 4, 4, 'Unknown', 668, NULL, 0, 0, 'Care of Magical Creatures'),
('978-7-1260-2467-7', 'Quidditch Through the Ages', 4, 4, ' Kennilworthy Whisp', 539, 'regular', 0, 0, 'Quidditch'),
('978-7-1690-9880-2', 'Travels With Trolls', 6, 6, ' Gilderoy Lockhart', 890, 'regular', 0, 0, 'Care of Magical Creatures'),
('978-7-2459-9023-5', 'New Theory of Numerology', 7, 7, 'Unknown', 633, NULL, 0, 0, 'Numerology'),
('978-7-4446-7853-8', 'Most Potent Potions', 6, 6, 'Unknown', 696, NULL, 0, 0, 'Potions'),
('978-7-5120-6229-0', 'Dreadful Denizens of the Deep', 9, 9, 'Unknown', 582, NULL, 0, 0, 'Care of Magical Creatures'),
('978-7-6180-5024-5', 'Intermediate Transfiguration', 6, 6, 'Unknown', 421, NULL, 0, 0, 'Transfiguration'),
('978-7-8820-0829-4', 'Sites of Historical Sorcery', 1, 1, 'Unknown', 561, NULL, 0, 0, 'Ancient studies'),
('978-7-9703-8352-4', 'A Guide to Medieval Sorcery', 8, 8, 'Unknown', 541, NULL, 0, 0, 'History of Magic'),
('978-7-9979-2471-7', 'The Dark Forces: A Guide to Self-Protection', 2, 2, 'Quentin Trimble', 625, NULL, 0, 0, 'Defence Against the Dark Arts '),
('978-8-0075-3638-8', 'Practical Defensive Magic and Its Use Against the Dark Arts', 10, 10, 'Unknown', 503, NULL, 0, 0, 'Defence Against the Dark Arts'),
('978-8-2917-4565-7', 'An Appraisal of Magical Education in Europe', 9, 9, 'Ophelia Orius', 837, NULL, 0, 0, 'History of Magic'),
('978-8-3861-5351-0', 'Blood Brothers: My Life Amongst the Vampires ', 4, 4, 'Eldred Worple', 479, NULL, 0, 0, 'Care of Magical Creatures'),
('978-8-4219-3198-1', 'Holidays With Hags', 5, 5, ' Gilderoy Lockhart', 686, 'regular', 0, 0, 'Biography'),
('978-8-4267-5519-3', 'Dragon Species of Great Britain and Ireland', 10, 10, 'Unknown', 991, NULL, 0, 0, 'Care of Magical Creatures'),
('978-8-4590-6164-3', 'Quidditch Teams of Britain and Ireland', 11, 11, 'Unknown', 699, NULL, 0, 0, 'Quidditch'),
('978-8-5098-3170-7', 'Fantastic Beasts and Where to Find Them ', 6, 6, ' Newt Scamander', 724, 'regular', 0, 0, 'Care of Magical Creatures'),
('978-8-6737-0410-4', 'Olde and Forgotten Bewitchments and Charms', 8, 8, 'Unknown', 522, NULL, 0, 0, 'Charms'),
('978-8-6757-5481-7', 'Charm Your Own Cheese', 8, 8, 'Gerda Catchlove', 637, NULL, 0, 0, 'Charms'),
('978-8-6892-1634-9', 'Sonnets of a Sorcerer', 4, 4, 'Unknown', 619, NULL, 0, 0, 'Charms'),
('978-9-0560-3214-2', 'Numerology and Grammatica', 6, 6, 'Unknown', 786, NULL, 0, 0, 'Numerology'),
('978-9-1906-6539-8', 'Secrets of the Darkest Art', 6, 6, 'Unknown', 474, NULL, 0, 0, 'Dark Arts'),
('978-9-2258-7643-0', 'Break With a Banshee', 3, 3, 'Gilderoy Lockhart', 811, NULL, 0, 0, 'Biography'),
('978-9-3065-5081-5', 'Handbook of Do-It-Yourself Broom Care', 8, 8, 'Unknown', 434, NULL, 0, 0, 'Quidditch'),
('978-9-4533-0480-4', 'Magical Theory', 8, 8, ' Adalbert Waffling', 538, 'regular', 0, 0, 'Magical Theory'),
('978-9-7139-8326-8', 'Rune Dictionary', 2, 2, 'Unknown', 989, NULL, 0, 0, 'Ancient Runes'),
('978-9-7288-6914-4', 'Where Theres a Wand, Theres a Way', 11, 11, 'Unknown', 533, NULL, 0, 0, 'Charms'),
('978-9-8484-2973-0', 'A Study of Recent Developments in Wizardry', 1, 1, 'Unknown', 495, NULL, 0, 0, 'History of Magic'),
('978-9-9703-2408-8', 'Advanced Potion-Making ', 7, 7, 'Libatius Borage', 478, NULL, 0, 0, 'Potions');

-- --------------------------------------------------------

--
-- Table structure for table `bookTags`
--

CREATE TABLE `bookTags` (
  `tagNumber` int(5) NOT NULL,
  `bookISBN` varchar(18) COLLATE utf8_unicode_ci NOT NULL,
  `tag` varchar(25) COLLATE utf8_unicode_ci NOT NULL
) ENGINE=InnoDB DEFAULT CHARSET=utf8 COLLATE=utf8_unicode_ci;

--
-- Dumping data for table `bookTags`
--

INSERT INTO `bookTags` (`tagNumber`, `bookISBN`, `tag`) VALUES
(1, '978-0-0953-8960-0', 'page turner'),
(2, '978-0-8712-6531-9', 'page turner'),
(3, '978-1-5634-7558-0', 'page turner');

-- --------------------------------------------------------

--
-- Table structure for table `courseEnrolled`
--

CREATE TABLE `courseEnrolled` (
  `enrollmentNumber` int(10) NOT NULL,
  `courseID` int(5) NOT NULL,
  `studentID` int(5) NOT NULL
) ENGINE=InnoDB DEFAULT CHARSET=utf8 COLLATE=utf8_unicode_ci;

--
-- Dumping data for table `courseEnrolled`
--

INSERT INTO `courseEnrolled` (`enrollmentNumber`, `courseID`, `studentID`) VALUES
(1, 11, 1),
(2, 12, 9),
(3, 9, 1),
(4, 9, 4),
(5, 6, 3),
(15, 6, 3),
(16, 6, 452);

-- --------------------------------------------------------

--
-- Table structure for table `courses`
--

CREATE TABLE `courses` (
  `courseID` int(5) NOT NULL,
  `courseName` varchar(40) COLLATE utf8_unicode_ci NOT NULL,
  `professorID` int(5) NOT NULL,
  `TermOffered` varchar(20) COLLATE utf8_unicode_ci NOT NULL DEFAULT ' '
) ENGINE=InnoDB DEFAULT CHARSET=utf8 COLLATE=utf8_unicode_ci;

--
-- Dumping data for table `courses`
--

INSERT INTO `courses` (`courseID`, `courseName`, `professorID`, `TermOffered`) VALUES
(1, 'Astronomy Year 1', 10, ''),
(2, 'Astronomy Year 2', 10, ''),
(3, 'Astronomy Year 3', 10, ''),
(4, 'Charms Year 1', 11, ''),
(5, 'Charms Year 2', 11, ''),
(6, 'Charms Year 3', 11, ''),
(7, 'Charms Year 4', 11, ''),
(8, 'Charms Year 5', 11, ''),
(9, 'Intro to Potion -Year 1', 2, ''),
(10, 'Basic potion creation - Year 2', 2, ''),
(11, 'Advanced Potion making -year 6', 2, ''),
(12, 'Defence Against the Dark Arts  Year 4', 2, ''),
(15, 'Defence Against the Dark Arts', 2, ' '),
(16, 'Transfiguration Year 1 ', 579, ' '),
(17, 'Transfiguration Year 2', 579, ' '),
(18, 'Transfiguration Year 3', 579, ' ');

-- --------------------------------------------------------

--
-- Table structure for table `headmasters`
--

CREATE TABLE `headmasters` (
  `headmasterID` int(5) NOT NULL
) ENGINE=InnoDB DEFAULT CHARSET=utf8 COLLATE=utf8_unicode_ci;

--
-- Dumping data for table `headmasters`
--

INSERT INTO `headmasters` (`headmasterID`) VALUES
(0);

-- --------------------------------------------------------

--
-- Table structure for table `holds`
--

CREATE TABLE `holds` (
  `holdID` int(5) NOT NULL,
  `bookISBN` varchar(18) COLLATE utf8_unicode_ci NOT NULL,
  `holderID` int(5) NOT NULL,
  `timeStamp` timestamp NOT NULL DEFAULT current_timestamp() COMMENT 'WIll be used to create queue for the hold',
  `reservedCopy` bigint(12) UNSIGNED ZEROFILL DEFAULT NULL,
  `holdExpiryDate` date NOT NULL,
  `status` tinyint(1) NOT NULL
) ENGINE=InnoDB DEFAULT CHARSET=utf8 COLLATE=utf8_unicode_ci;

--
-- Dumping data for table `holds`
--

INSERT INTO `holds` (`holdID`, `bookISBN`, `holderID`, `timeStamp`, `reservedCopy`, `holdExpiryDate`, `status`) VALUES
(103, '978-0-9199-2717-9', 593, '0000-00-00 00:00:00', 902773771370, '2020-04-14', 15),
(104, '978-5-9439-5051-3', 17, '0000-00-00 00:00:00', 902773795271, '2020-04-14', 15),
(105, '978-1-4058-7207-2', 13, '0000-00-00 00:00:00', 902773771591, '2020-04-22', 15),
(106, '978-6-8016-7450-3', 17, '0000-00-00 00:00:00', 902773800583, '2020-04-23', 15),
(107, '978-0-1233-3619-4', 0, '0000-00-00 00:00:00', 903659003836, '2020-04-23', 15),
(108, '978-0-9199-2717-9', 0, '0000-00-00 00:00:00', 903659025893, '2020-04-23', 15),
(110, '978-1-6685-9857-3', 8, '0000-00-00 00:00:00', 902773774026, '2020-04-23', 15);

-- --------------------------------------------------------

--
-- Table structure for table `librarianAccount`
--

CREATE TABLE `librarianAccount` (
  `librarianID` int(5) NOT NULL,
  `active` tinyint(1) NOT NULL DEFAULT 1
) ENGINE=InnoDB DEFAULT CHARSET=utf8 COLLATE=utf8_unicode_ci;

--
-- Dumping data for table `librarianAccount`
--

INSERT INTO `librarianAccount` (`librarianID`, `active`) VALUES
(0, 1),
(1, 0),
(2, 0),
(4, 1),
(6, 1),
(7, 1),
(9, 1),
(12, 1),
(594, 1),
(595, 1);

-- --------------------------------------------------------

--
-- Table structure for table `members`
--

CREATE TABLE `members` (
  `memberID` int(5) NOT NULL,
  `fname` varchar(50) COLLATE utf8_unicode_ci NOT NULL,
  `lname` varchar(50) COLLATE utf8_unicode_ci DEFAULT NULL,
  `fines` decimal(5,2) NOT NULL DEFAULT 0.00,
  `numBooks` tinyint(1) NOT NULL DEFAULT 0,
  `status` tinyint(1) NOT NULL DEFAULT 21
) ENGINE=InnoDB DEFAULT CHARSET=utf8 COLLATE=utf8_unicode_ci;

--
-- Dumping data for table `members`
--

INSERT INTO `members` (`memberID`, `fname`, `lname`, `fines`, `numBooks`, `status`) VALUES
(0, 'Albus', 'Dumbledore', '0.00', 0, 21),
(1, 'Harry', 'Potter', '23.03', 1, 23),
(2, 'Severus', 'Snape', '5.00', 2, 21),
(3, 'Ron', 'Weasley', '0.00', 0, 21),
(4, 'Luna', 'Lovegood', '1.23', 0, 21),
(5, 'Alastor', 'Moody', '0.00', 0, 21),
(6, 'Newt', 'Scamander', '9.99', 2, 21),
(7, 'Helena', 'Ravenclaw', '0.00', 0, 21),
(8, 'Sybil', 'Trelawney', '0.00', 0, 21),
(9, 'Hermione', 'Granger', '0.00', 0, 21),
(10, 'Aurora', 'Sinistra', '0.00', 0, 21),
(11, 'Filius', 'Flitwick', '0.00', 0, 21),
(12, 'Irma', 'Pince', '0.00', 0, 21),
(13, 'Draco', 'Malfoy', '20.00', 0, 21),
(14, 'Godric', 'Gryffindor', '0.00', 0, 21),
(15, 'Salazar', 'Slytherin', '0.00', 0, 21),
(16, 'Helga', 'Hufflepuff', '0.00', 0, 21),
(17, 'Ginevra', 'Weasley', '184.22', 3, 23),
(18, 'Astrix', 'Alixan', '0.00', 0, 21),
(19, 'Filemina', 'Alchin', '0.87', 0, 21),
(20, 'Euan', 'Abercrombie', '14.50', 0, 21),
(21, 'Sakura', 'Akagi', '2.32', 0, 21),
(22, 'Zakir', 'Akram', '1.45', 0, 21),
(23, 'Nick', 'Alas', '0.00', 0, 21),
(24, 'Christian', 'Alexander', '0.00', 0, 21),
(25, 'Brandon', 'Angel', '2.54', 0, 21),
(26, 'Jada', 'Angela', '3.45', 0, 21),
(27, 'Owen', 'Anthony', '24.76', 0, 21),
(28, 'Angelina', 'Appleby', '0.00', 0, 21),
(29, 'Oona', 'Ballington', '0.00', 0, 21),
(30, 'Pete', 'Balsall', '0.00', 0, 21),
(31, 'Allison', 'Barnes', '0.00', 0, 21),
(32, 'Concepta', 'Battista', '0.00', 0, 21),
(33, 'Katie', 'Bell', '0.00', 0, 21),
(34, 'Fiona', 'Belmont', '0.00', 0, 21),
(35, 'Kajol', 'Bhatt', '0.00', 0, 21),
(36, 'Betty', 'Bickering', '0.00', 0, 21),
(37, 'Hugh', 'Biggs', '0.00', 0, 21),
(38, 'Sally', 'Birchgrove', '0.00', 0, 21),
(39, 'Sirius', 'Black', '0.00', 0, 21),
(40, 'Mike', 'Boon', '0.00', 0, 21),
(41, 'Justine', 'Britnell', '0.00', 0, 21),
(42, 'Lavender', 'Brown', '0.00', 0, 21),
(43, 'Richard', 'Carter', '0.00', 0, 21),
(44, 'Stephen', 'Challock', '0.00', 0, 21),
(45, 'Polly', 'Chapman', '0.00', 0, 21),
(46, 'Jason', 'Charmer', '0.00', 0, 21),
(47, 'Liza', 'Cherks', '0.00', 0, 21),
(48, 'Nina', 'Chibbar', '0.00', 0, 21),
(49, 'Brian', 'Cinderford', '0.00', 0, 21),
(50, 'Iain', 'Claverdon', '0.00', 0, 21),
(51, 'Andrew', 'Cleveley', '0.00', 0, 21),
(52, 'Rachael', 'Codnor', '0.00', 0, 21),
(53, 'Angelica', 'Cole', '0.00', 0, 21),
(54, 'Lydia', 'Cooden', '0.00', 0, 21),
(55, 'Ritchie', 'Coote', '0.00', 0, 21),
(56, 'Ben', 'Copper', '0.00', 0, 21),
(57, 'Muldoon', 'Cragg', '0.00', 0, 21),
(58, 'Colin', 'Creevey', '0.00', 0, 21),
(59, 'Dennis', 'Creevey', '0.00', 0, 21),
(60, 'Winky', 'Crockett ', '0.00', 0, 21),
(61, 'Lisa', 'Cullen', '0.00', 0, 21),
(62, 'Haley', 'Dakota', '0.00', 0, 21),
(63, 'Jennifer', 'Dawn', '0.00', 0, 21),
(64, 'Alison', 'Denshaw', '6.00', 0, 21),
(65, 'Mary', 'Doyle', '0.00', 0, 21),
(66, 'Fay', 'Dunbar', '0.00', 0, 21),
(67, 'Tracie', 'Everson', '0.00', 0, 21),
(68, 'Rosalyn', 'Ewhurst', '0.00', 0, 21),
(69, 'Natalie', 'Fairbourne', '0.00', 0, 21),
(70, 'Seamus', 'Finnigan', '0.00', 0, 21),
(71, 'Terrence', 'Fogarty', '0.00', 0, 21),
(72, 'Louise', 'Fontwell', '0.00', 0, 21),
(73, 'Sam', 'Fraddon', '0.00', 0, 21),
(74, 'Hamish', 'Frater', '0.00', 0, 21),
(75, 'Riley', 'Frazer', '0.00', 0, 21),
(76, 'Yann', 'Fredericks', '0.00', 0, 21),
(77, 'Vicky', 'Frobisher', '0.00', 0, 21),
(78, 'Chris', 'Garland', '0.00', 0, 21),
(79, 'Ethan', 'Gerard', '0.00', 0, 21),
(80, 'Stephen', 'Gould', '0.00', 0, 21),
(81, 'Rubeus', 'Hagrid', '0.00', 0, 21),
(82, 'David', 'Hamblin', '0.00', 0, 21),
(83, 'Curt', 'Hanger', '0.00', 0, 21),
(84, 'Kelly', 'Harborne', '0.00', 0, 21),
(85, 'Ryan', 'Henry', '0.00', 0, 21),
(86, 'Natalie', 'Holkham', '0.00', 0, 21),
(87, 'Thelma', 'Holmes', '0.00', 0, 21),
(88, 'Geoffrey', 'Hooper', '0.00', 0, 21),
(89, 'Carl', 'Hopkins', '0.00', 0, 21),
(90, 'Lucy', 'Hurst', '0.00', 0, 21),
(91, 'Satoru', 'Iida', '0.00', 0, 21),
(92, 'Erica', 'J.', '0.00', 0, 21),
(93, 'Peter', 'James', '0.00', 0, 21),
(94, 'Ella', 'Jo', '0.00', 0, 21),
(95, 'Nandini', 'Johar', '0.00', 0, 21),
(96, 'Angelina', 'Johnson', '0.00', 0, 21),
(97, 'Peter', 'Jones', '0.00', 0, 21),
(98, 'Lee', 'Jordan', '0.00', 0, 21),
(99, 'Timothy', 'Justin', '0.00', 0, 21),
(100, 'Anjali', 'Kapoor', '0.00', 0, 21),
(101, 'Michael', 'Karume', '0.00', 0, 21),
(102, 'Sage', 'Kelleen', '0.00', 0, 21),
(103, 'Kenneth', 'Towler', '0.00', 0, 21),
(104, 'Jae', 'Kim', '0.00', 0, 21),
(105, 'Jo', 'King ', '0.00', 0, 21),
(106, 'Andrew', 'Kirke', '0.00', 0, 21),
(107, 'Toby', 'Lennox ', '0.00', 0, 21),
(108, 'Neville', 'Longbottom', '0.00', 0, 21),
(109, 'Aamir', 'Loonat', '9.00', 0, 21),
(110, 'Remus', 'Lupin', '0.00', 0, 21),
(111, 'Trinity', 'Lynn', '0.00', 0, 21),
(112, 'Anita', 'Macduff', '0.00', 0, 21),
(113, 'Hisana', 'Malachela', '0.00', 0, 21),
(114, 'Daphne', 'Maldon', '0.00', 0, 21),
(115, 'Trev', 'Mallory', '0.00', 0, 21),
(116, 'Alexis', 'Marie', '12.54', 0, 21),
(117, 'Gianna', 'Grace Marie', '0.00', 0, 21),
(118, 'Kenny', 'Markham', '0.00', 0, 21),
(119, 'Angus', 'Matlock', '0.00', 0, 21),
(120, 'Paul', 'Mawdesley', '0.00', 0, 21),
(121, 'Natalie', 'McDonald', '0.00', 0, 21),
(122, 'Joe', 'McGee', '0.00', 0, 21),
(123, 'Cormac', 'McLaggen', '0.00', 0, 21),
(124, 'Robin', 'McTighe', '0.00', 0, 21),
(125, 'Eloise', 'Midgen', '0.00', 0, 21),
(126, 'Nicholas', 'Mimsy-Porpington', '0.00', 0, 21),
(127, 'Miraphora', 'Mina ', '0.00', 0, 21),
(128, 'Ruth', 'Mina', '0.00', 0, 21),
(129, 'Anna', 'Mirfield', '0.00', 0, 21),
(130, 'Raza', 'Mohammad', '0.00', 0, 21),
(131, 'Tatsuya', 'Motoyama', '0.00', 0, 21),
(132, 'Kieran', 'Muirhead', '0.00', 0, 21),
(133, 'Roderick', 'Murphy', '0.00', 0, 21),
(134, 'Edith', 'Newton', '0.00', 0, 21),
(135, 'Abigail', 'Nicola', '0.00', 0, 21),
(136, 'Amber', 'Noel', '0.00', 0, 21),
(137, 'Phelan', 'Noel', '0.00', 0, 21),
(138, 'David', 'Nolton', '0.00', 0, 21),
(139, 'Mallory', 'Norden', '0.00', 0, 21),
(140, 'Neil', 'Nuts', '0.00', 0, 21),
(141, 'Aiden', 'O\'Connor', '1.22', 0, 21),
(142, 'Shelagh', 'O\'Dowd', '0.00', 0, 21),
(143, 'Rionach', 'O\'Neal', '0.00', 0, 21),
(144, 'Uric', 'Oapley', '0.00', 0, 21),
(145, 'Sean', 'Ogbourne', '0.00', 0, 21),
(146, 'Remy', 'Olivier', '0.00', 0, 21),
(147, 'Kate', 'Olney', '0.00', 0, 21),
(148, 'Steven', 'Osterley', '0.00', 0, 21),
(149, 'Andrew', 'Owly', '0.00', 0, 21),
(150, 'Thomas', 'Paley', '0.00', 0, 21),
(151, 'Julie', 'Parkes', '0.00', 0, 21),
(152, 'Parvati', 'Patil', '0.00', 0, 21),
(153, 'Jimmy', 'Peakes', '0.00', 0, 21),
(154, 'Adam', 'Pickering', '0.00', 0, 21),
(155, 'Podric', 'Piles', '0.00', 0, 21),
(156, 'Wayne', 'Portchester', '0.00', 0, 21),
(157, 'Fleamont', 'Potter', '0.00', 0, 21),
(158, 'Sophia', 'Prickett', '0.00', 0, 21),
(159, 'Patricia', 'Rakepick', '0.00', 0, 21),
(160, 'Genevieve', 'Ramsey', '0.00', 0, 21),
(161, 'Neil', 'Randall', '0.00', 0, 21),
(162, 'Demelza', 'Robins', '0.00', 0, 21),
(163, 'Barry', 'Rochester', '0.00', 0, 21),
(164, 'Ashley', 'Sanders', '0.00', 0, 21),
(165, 'Selina', 'Sapworthy', '0.00', 0, 21),
(166, 'Andrew', 'Saxby', '0.00', 0, 21),
(167, 'Roderick', 'Seaton', '0.00', 0, 21),
(168, 'Jackson', 'Sheppard', '0.00', 0, 21),
(169, 'Kaori', 'Shimizu', '0.00', 0, 21),
(170, 'Chie', 'Shinohara', '0.00', 0, 21),
(171, 'Terry', 'Skeres', '0.00', 0, 21),
(172, 'Richard', 'Sky', '0.00', 0, 21),
(173, 'Jack', 'Sloper', '0.00', 0, 21),
(174, 'Alicia', 'Spinnet', '12.00', 0, 21),
(175, 'Charlie', 'Stainforth', '0.00', 0, 21),
(176, 'Melanie', 'Stanmore', '0.00', 0, 21),
(177, 'Giffard', 'Abbott', '0.00', 0, 21),
(178, 'Hannah', 'Abbott', '12.00', 0, 21),
(179, 'Tamsin', 'Applebee', '0.00', 0, 21),
(180, 'Patrick', 'Bagby', '0.00', 0, 21),
(181, 'Martin', 'Beccles', '0.00', 0, 21),
(182, 'Philip', 'Blagdon', '0.00', 0, 21),
(183, 'Susan', 'Bones', '0.00', 0, 21),
(184, 'Wayne', 'Bostock', '0.00', 0, 21),
(185, 'Robin', 'Botesdale', '0.00', 0, 21),
(186, 'Eleanor', 'Branstone', '0.00', 0, 21),
(187, 'Trisha', 'Buttermere', '0.00', 0, 21),
(188, 'Diego', 'Caplan', '0.00', 0, 21),
(189, 'Melvin', 'Catterick', '0.00', 0, 21),
(190, 'Owen', 'Cauldwell', '0.00', 0, 21),
(191, 'Poppy', 'Caxton', '0.00', 0, 21),
(192, 'Linda', 'Chaddesley', '0.00', 0, 21),
(193, 'Luke', 'Cholderton', '0.00', 0, 21),
(194, 'Martine', 'Copplestone', '0.00', 0, 21),
(195, 'Jane', 'Court', '0.00', 0, 21),
(196, 'Rohit', 'Das', '0.00', 0, 21),
(197, 'Irene', 'Denholm', '0.00', 0, 21),
(198, 'Cedric', 'Diggory', '0.00', 0, 21),
(199, 'Thora', 'Dinnet', '0.00', 0, 21),
(200, 'Nitin', 'Divekar', '0.00', 0, 21),
(201, 'Nicola', 'Dodworth', '0.00', 0, 21),
(202, 'Craig', 'Dunn', '0.00', 0, 21),
(203, 'Haruka', 'Endoh', '0.00', 0, 21),
(204, 'Annabel', 'Entwhistle', '0.00', 0, 21),
(205, 'Eustace', 'Fawley', '0.00', 0, 21),
(206, 'Grim', 'Fawley', '0.00', 0, 21),
(207, 'Sullivan', 'Fawley', '0.00', 0, 21),
(208, 'Justin', 'Finch-Fletchley', '0.00', 0, 21),
(209, 'Amelia', 'Fittleworth', '0.00', 0, 21),
(210, 'Rhonda', 'Fladbury', '0.00', 0, 21),
(211, 'Herbert', 'Fleet', '0.00', 0, 21),
(212, 'Kay', 'Formby', '0.00', 0, 21),
(213, 'Michael', 'Frimley', '0.00', 0, 21),
(214, 'Trudy', 'Galston', '0.00', 0, 21),
(215, 'Abraham', 'Grimblehawk', '0.00', 0, 21),
(216, 'Gwendoline', 'Hedgeflower', '0.00', 0, 21),
(217, 'Brendon', 'Halkirk', '0.00', 0, 21),
(218, 'Beatrice', 'Haywood', '0.00', 0, 21),
(219, 'Penny', 'Haywood', '0.00', 0, 21),
(220, 'Wayne', 'Hopkins', '0.00', 0, 21),
(221, 'Helga', 'Hufflepuff', '0.00', 0, 21),
(222, 'Raashid', 'Hussain', '0.00', 0, 21),
(223, 'Doris', 'Irlam', '0.00', 0, 21),
(224, 'Megan', 'Jones', '0.00', 0, 21),
(225, 'Silvanus', 'Kettleburn', '0.00', 0, 21),
(226, 'Matthew', 'Kettletoft', '0.00', 0, 21),
(227, 'Hamish', 'Knighton', '0.00', 0, 21),
(228, 'Duncan', 'Knottingley', '0.00', 0, 21),
(229, 'Karl', 'Limpley', '0.00', 0, 21),
(230, 'Chiara', 'Lobosca', '0.00', 0, 21),
(231, 'Artemisia', 'Lufkin', '0.00', 0, 21),
(232, 'Edward', 'Lupin', '0.00', 0, 21),
(233, 'Heidi', 'Macavoy', '0.00', 0, 21),
(234, 'Rose', 'Zeller', '0.00', 0, 21),
(235, 'Katsuji', 'Yamazaki', '0.00', 0, 21),
(236, 'Kousuke', 'Yoshioka', '0.00', 0, 21),
(237, 'Eugene', 'Warmsley', '0.00', 0, 21),
(238, 'Bridget', 'Wenlock', '0.00', 0, 21),
(239, 'Kevin', 'Whitby', '0.00', 0, 21),
(240, 'Dora', 'Williams', '0.00', 0, 21),
(241, 'Zara', 'Valli', '0.00', 0, 21),
(242, 'Darrel', 'Turner', '0.00', 0, 21),
(243, 'James', 'Tuckett', '0.00', 0, 21),
(244, 'Lina', 'Tande', '0.00', 0, 21),
(245, 'Gabriel', 'Tate', '0.00', 0, 21),
(246, 'Siobhan', 'Templeton', '0.00', 0, 21),
(247, 'Alistair', 'Thaxted', '5.77', 0, 21),
(248, 'Agatha', 'Thrussington', '6.05', 0, 21),
(249, 'Isabella', 'Tintwistle', '0.00', 0, 21),
(250, 'Lesley', 'Toddington', '0.00', 0, 21),
(251, 'Nymphadora', 'Tonks', '0.00', 0, 21),
(252, 'Jessica', 'Tring', '0.00', 0, 21),
(253, 'Gabriel', 'Truman', '0.00', 0, 21),
(254, 'Natsumi', 'Suzuki', '0.00', 0, 21),
(255, 'Malcolm', 'Swannage', '0.00', 0, 21),
(256, 'Grogan', 'Stump', '0.00', 0, 21),
(257, 'Aki', 'Sugiyama', '14.56', 0, 21),
(258, 'Lynette', 'Sawley', '0.00', 0, 21),
(259, 'Theseus', 'Scamander', '0.00', 0, 21),
(260, 'Satinder', 'Singh', '0.00', 0, 21),
(261, 'Zacharias', 'Smith', '0.00', 0, 21),
(262, 'Adrian', 'Speke', '0.00', 0, 21),
(263, 'Pomona', 'Sprout', '0.00', 0, 21),
(264, 'Manish', 'Sreenivasan', '0.00', 0, 21),
(265, 'Anthony', 'Rickett', '0.00', 0, 21),
(266, 'Graham', 'Romsey', '0.00', 0, 21),
(267, 'Malcolm', 'Preece', '0.00', 0, 21),
(268, 'Gladys', 'Prescott', '0.00', 0, 21),
(269, 'Sidney', 'Puckeridge', '0.00', 0, 21),
(270, 'Eglantine', 'Puffett', '0.00', 0, 21),
(271, 'Caroline', 'Purvis', '0.00', 0, 21),
(272, 'Manoj', 'Pandit', '0.00', 0, 21),
(273, 'Madhumati', 'Parmar', '0.00', 0, 21),
(274, 'Ashish', 'Patel', '0.00', 0, 21),
(275, 'Bhavana', 'Patel', '0.00', 0, 21),
(276, 'Edna', 'Patridge', '0.00', 0, 21),
(277, 'Sean', 'Peakes', '0.00', 0, 21),
(278, 'Eldon', 'Pembroke', '0.00', 0, 21),
(279, 'Gareth', 'Pewsey', '0.00', 0, 21),
(280, 'Harvey', 'O\'Brien', '0.00', 0, 21),
(281, 'Maxine', 'O\'Flaherty', '0.00', 0, 21),
(282, 'Hecate', 'Oakham', '0.00', 0, 21),
(283, 'Kouta', 'Ohnishi', '0.00', 0, 21),
(284, 'Madeline', 'Ormskirk', '0.00', 0, 21),
(285, 'Gillian', 'Ossett', '0.00', 0, 21),
(286, 'Anthony', 'Otterburn', '0.00', 0, 21),
(287, 'Grace', 'Nutley', '0.00', 0, 21),
(288, 'Benjamin', 'McEwen', '0.00', 0, 21),
(289, 'Stuart', 'McKinley', '0.00', 0, 21),
(290, 'Michael', 'McManus', '0.00', 0, 21),
(291, 'Dugald', 'McPhail', '0.00', 0, 21),
(292, 'Helen', 'Monroe', '0.00', 0, 21),
(293, 'Gregory', 'Munslow', '0.00', 0, 21),
(294, 'Bernard', 'Maltby', '0.00', 0, 21),
(295, 'Ernest', 'Macmillan', '0.00', 0, 21),
(296, 'Laura', 'Madley', '0.00', 0, 21),
(297, 'Sisi', 'Makerere', '0.00', 0, 21),
(298, 'Roland', 'Abberley', '11.00', 0, 21),
(299, 'Stewart', 'Ackerley', '6.66', 0, 21),
(300, 'Jatin', 'Agarkar', '8.84', 0, 21),
(301, 'Dennis', 'Aldermaston', '5.65', 0, 21),
(302, 'Badeea', 'Ali', '0.00', 0, 21),
(303, 'Pamela', 'Alton', '0.00', 0, 21),
(304, 'Yutaka', 'Amano', '8.34', 0, 21),
(305, 'Scott', 'Ancrum', '7.98', 0, 21),
(306, 'Becky', 'Arncliffe', '0.00', 0, 21),
(307, 'Millicent', 'Bagnold', '0.00', 0, 21),
(308, 'Arjuna', 'Balaji', '0.00', 0, 21),
(309, 'Yvonne', 'Bampton', '0.00', 0, 21),
(310, 'Marcus', 'Belby', '0.00', 0, 21),
(311, 'Ethan', 'Bexley', '0.00', 0, 21),
(312, 'Trevor', 'Birch', '0.00', 0, 21),
(313, 'Terry', 'Boot', '0.00', 0, 21),
(314, 'Sage', 'Bragnam', '0.00', 0, 21),
(315, 'Brennan', 'Doyle', '0.00', 0, 21),
(316, 'Mandy', 'Brocklehurst', '0.00', 0, 21),
(317, 'Sheila', 'Brooks', '0.00', 0, 21),
(318, 'Randolph', 'Burrow', '0.00', 0, 21),
(319, 'Eddie', 'Carmichael', '0.00', 0, 21),
(320, 'Cho', 'Chang', '0.00', 0, 21),
(321, 'Penelope', 'Clearwater', '0.00', 0, 21),
(322, 'Hortense', 'Cooper', '0.00', 0, 21),
(323, 'Michael', 'Corner', '0.00', 0, 21),
(324, 'Loretta', 'Cornhill', '0.00', 0, 21),
(325, 'Daisy', 'Corran', '0.00', 0, 21),
(326, 'Chester', 'Davies', '0.00', 0, 21),
(327, 'Roger', 'Davies', '0.00', 0, 21),
(328, 'Helen', 'Dawlish', '0.00', 0, 21),
(329, 'Nanette', 'Desford', '0.00', 0, 21),
(330, 'Shruti', 'Dev', '0.00', 0, 21),
(331, 'Ananyo', 'Dhillon', '0.00', 0, 21),
(332, 'Nathaniel', 'Douglas', '0.00', 0, 21),
(333, 'Felicity', 'Eastchurch', '0.00', 0, 21),
(334, 'Marietta', 'Edgecombe', '0.00', 0, 21),
(335, 'Andre', 'Egwu', '0.00', 0, 21),
(336, 'Harriet', 'Ellesmere', '0.00', 0, 21),
(337, 'Hilary', 'Erskine', '0.00', 0, 21),
(338, 'Margaret', 'Ettington', '0.00', 0, 21),
(339, 'Marcus', 'Fenwick', '0.00', 0, 21),
(340, 'Patrick', 'Fincher', '0.00', 0, 21),
(341, 'Filius', 'Flitwick', '0.00', 0, 21),
(342, 'Miranda', 'Flockton', '0.00', 0, 21),
(343, 'Basil', 'Fronsac', '9.00', 0, 21),
(344, 'Cordelia', 'Gifford', '0.00', 0, 21),
(345, 'Maria', 'Glossop', '0.00', 0, 21),
(346, 'Anthony', 'Goldstein', '0.00', 0, 21),
(347, 'Olivia', 'Green', '0.00', 0, 21),
(348, 'Austin', 'Guthrie', '0.00', 0, 21),
(349, 'Noel', 'Harwich', '0.00', 0, 21),
(350, 'Declan', 'Haworth', '0.00', 0, 21),
(351, 'Christopher', 'Hemsley', '0.00', 0, 21),
(352, 'Susanna', 'Hesleden', '0.00', 0, 21),
(353, 'Robert', 'Hilliard', '0.00', 0, 21),
(354, 'Marcus', 'Hitchin', '0.00', 0, 21),
(355, 'Sanford', 'Humberston', '0.00', 0, 21),
(356, 'Jason', 'Huntingdon', '0.00', 0, 21),
(357, 'Shoma', 'Ichikawa', '0.00', 0, 21),
(358, 'Ignatia', 'Wildsmith', '0.00', 0, 21),
(359, 'Duncan', 'Inglebee', '0.00', 0, 21),
(360, 'Tomoko', 'Kajiwara', '0.00', 0, 21),
(361, 'Tulip', 'Karasu', '0.00', 0, 21),
(362, 'Andrea', 'Kegworth', '0.00', 0, 21),
(363, 'Sarah', 'Kempston', '0.00', 0, 21),
(364, 'Joan', 'Kerridge', '0.00', 0, 21),
(365, 'Danny', 'Kershaw', '0.00', 0, 21),
(366, 'Ashok', 'Khanna', '0.00', 0, 21),
(367, 'Humphrey', 'Kilburn', '0.00', 0, 21),
(368, 'Noreen', 'Kirkby', '0.00', 0, 21),
(369, 'Biko', 'Kisawahi', '0.00', 0, 21),
(370, 'Mizuho', 'Yoshii', '0.00', 0, 21),
(371, 'Myrtle', 'Warren', '0.00', 0, 21),
(372, 'Gerard', 'Willerby', '0.00', 0, 21),
(373, 'Talbott', 'Winger', '0.00', 0, 21),
(374, 'Aron', 'Woodbridge', '0.00', 0, 21),
(375, 'Nigel', 'Wroxton', '0.00', 0, 21),
(376, 'Gerald', 'Vickers', '0.00', 0, 21),
(377, 'Uric', 'the Oddball', '0.00', 0, 21),
(378, 'Sachin', 'Tripathy', '0.00', 0, 21),
(379, 'Miyuki', 'Tsuji', '0.00', 0, 21),
(380, 'Marcus', 'Turner', '0.00', 0, 21),
(381, 'Lisa', 'Turpin', '0.00', 0, 21),
(382, 'Lewis', 'Thorverton', '0.00', 0, 21),
(383, 'Omar', 'Shaw', '0.00', 0, 21),
(384, 'Alannis', 'Shepley', '8.76', 0, 21),
(385, 'Kim', 'Sheringham', '0.00', 0, 21),
(386, 'Arman', 'Shettigar', '0.00', 0, 21),
(387, 'Justin', 'Steele', '0.00', 0, 21),
(388, 'Hazel', 'Stickney', '0.00', 0, 21),
(389, 'Geoffrey', 'Stradbroke', '0.00', 0, 21),
(390, 'Arnold', 'Streeton', '0.00', 0, 21),
(391, 'Jeremy', 'Stretton', '0.00', 0, 21),
(392, 'Jason', 'Samuels', '0.00', 0, 21),
(393, 'Yolanda', 'Reedham', '0.00', 0, 21),
(394, 'Maisy', 'Reynolds', '0.00', 0, 21),
(395, 'Hemani', 'Roshan', '0.00', 0, 21),
(396, 'Ophelia', 'Rushden', '0.00', 0, 21),
(397, 'Rowena', 'Ravenclaw', '0.00', 0, 21),
(398, 'Asma', 'Rahman', '0.00', 0, 21),
(399, 'Latisha', 'Randle', '0.00', 0, 21),
(400, 'Orla', 'Quirke', '0.00', 0, 21),
(401, 'Quirinus', 'Quirrell', '0.00', 0, 21),
(402, 'Amina', 'Qureshi', '0.00', 0, 21),
(403, 'Takashi', 'Noda', '0.00', 0, 21),
(404, 'Banga', 'O\'Deluga', '0.00', 0, 21),
(405, 'Garrick', 'Ollivander', '0.00', 0, 21),
(406, 'Grant', 'Page', '0.00', 0, 21),
(407, 'Sherwood', 'Partington', '0.00', 0, 21),
(408, 'Padma', 'Patil', '0.00', 0, 21),
(409, 'Perpetua', 'Fancourt', '0.00', 0, 21),
(410, 'Swati', 'Pevekar', '0.00', 0, 21),
(411, 'Hugo', 'Mattingley', '0.00', 0, 21),
(412, 'Sterling', 'McCubbin', '0.00', 0, 21),
(413, 'Lorcan', 'McLaird', '0.00', 0, 21),
(414, 'Godfrey', 'Midhurst', '0.00', 0, 21),
(415, 'Elizabeth', 'Mkapa', '0.00', 0, 21),
(416, 'Phillip', 'Montgomery', '0.00', 0, 21),
(417, 'Laverne', 'de Montmorency', '0.00', 0, 21),
(418, 'Isobel', 'MacDougal', '0.00', 0, 21),
(419, 'Xenophilius', 'Lovegood', '0.00', 0, 21),
(420, 'Roberta', 'Lutterworth', '0.00', 0, 21),
(421, 'Sue', 'Li', '0.00', 0, 21),
(422, 'Gilderoy', 'Lockhart', '0.00', 0, 21),
(423, 'Mark', 'Latchingdon', '0.00', 0, 21),
(424, 'Toby', 'Lennox ', '0.00', 0, 21),
(425, 'Zoe', 'Accrington', '7.43', 0, 21),
(426, 'Uchi', 'Akimbo', '1.76', 0, 21),
(427, 'Duncan', 'Ashe', '0.00', 0, 21),
(428, 'Malcolm', 'Baddock', '0.00', 0, 21),
(429, 'Tabitha', 'Bainbridge', '0.00', 0, 21),
(430, 'Sadie', 'Baldock', '0.00', 0, 21),
(431, 'Tristram', 'Bassenthwaite', '0.00', 0, 21),
(432, 'Darius', 'Berrow', '0.00', 0, 21),
(433, 'Yatin', 'Bhagat', '0.00', 0, 21),
(434, 'Kinjal', 'Bhatia', '0.00', 0, 21),
(435, 'Vicky', 'Bishopper', '0.00', 0, 21),
(436, 'Alphard', 'Black', '0.00', 0, 21),
(437, 'Callidora', 'Black', '0.00', 0, 21),
(438, 'Cassiopeia', 'Black', '0.00', 0, 21),
(439, 'Cedrella', 'Black', '0.00', 0, 21),
(440, 'Charis', 'Black', '0.00', 0, 21),
(441, 'Cygnus', 'Black III', '0.00', 0, 21),
(442, 'Dorea', 'Black', '0.00', 0, 21),
(443, 'Lucretia', 'Black', '0.00', 0, 21),
(444, 'Orion', 'Black', '0.00', 0, 21),
(445, 'Phineas', 'Nigellus Black', '0.00', 0, 21),
(446, 'Regulus', 'Black', '0.00', 0, 21),
(447, 'Walburga', 'Black', '0.00', 0, 21),
(448, 'Kevin', 'Bletchley', '0.00', 0, 21),
(449, 'Miles', 'Bletchley', '0.00', 0, 21),
(450, 'Bloody', 'Baron', '0.00', 0, 21),
(451, 'Lucian', 'Bole', '0.00', 0, 21),
(452, 'Craig', 'Bowker Jr', '0.00', 0, 21),
(453, 'Cameron', 'Boyle', '0.00', 0, 21),
(454, 'Nerissa', 'Brody', '0.00', 0, 21),
(455, 'Millicent', 'Bulstrode', '0.00', 0, 21),
(456, 'Elizabeth', 'Burke', '0.00', 0, 21),
(457, 'Flora', 'Carrow', '0.00', 0, 21),
(458, 'Hestia', 'Carrow', '0.00', 0, 21),
(459, 'Diane', 'Carter', '0.00', 0, 21),
(460, 'Fergus', 'Cowley', '0.00', 0, 21),
(461, 'Vincent', 'Crabbe', '0.00', 0, 21),
(462, 'Stuart', 'Craggy', '0.00', 0, 21),
(463, 'Irving', 'Cram (II)', '0.00', 0, 21),
(464, 'Winky', 'Crockett ', '0.00', 0, 21),
(465, 'Sebastian', 'Daley', '0.00', 0, 21),
(466, 'Dan', 'Darker', '0.00', 0, 21),
(467, 'Tracey', 'Davis', '0.00', 0, 21),
(468, 'Simon', 'Dedworth (II)', '0.00', 0, 21),
(469, 'Peregrine', 'Derrick', '0.00', 0, 21),
(470, 'Bowen', 'Duffield', '0.00', 0, 21),
(471, 'Curtis', 'Evercreech', '0.00', 0, 21),
(472, 'Gemma', 'Farley', '0.00', 0, 21),
(473, 'Penelope', 'Fawley', '0.00', 0, 21),
(474, 'Marcus', 'Flint', '0.00', 0, 21),
(475, 'Amy', 'Frome', '0.00', 0, 21),
(476, 'Corvinus', 'Gaunt', '0.00', 0, 21),
(477, 'Gormlaith', 'Gaunt', '0.00', 0, 21),
(478, 'Damon', 'Gosforth', '0.00', 0, 21),
(479, 'Gregory', 'Goyle', '0.00', 0, 21),
(480, 'Mathilda', 'Greenford', '0.00', 0, 21),
(481, 'Daphne', 'Greengrass', '0.00', 0, 21),
(482, 'Amrish', 'Gupta', '0.00', 0, 21),
(483, 'Yurika', 'Haneda', '0.00', 0, 21),
(484, 'Niles', 'Hanley', '0.00', 0, 21),
(485, 'Maynard', 'Hatton', '0.00', 0, 21),
(486, 'Terence', 'Higgs', '0.00', 0, 21),
(487, 'Robin', 'Higgy', '0.00', 0, 21),
(488, 'Manami', 'Ichijoh', '0.00', 0, 21),
(489, 'Malcolm', 'Ilminster', '0.00', 0, 21),
(490, 'Jody', 'Jacknife', '0.00', 0, 21),
(491, 'Trupti', 'Kadam', '0.00', 0, 21),
(492, 'Sourav', 'Kartik', '0.00', 0, 21),
(493, 'Zubeida', 'Khan', '0.00', 0, 21),
(494, 'Kris', 'Kolumbiko', '0.00', 0, 21),
(495, 'Hirohisa', 'Kubo', '0.00', 0, 21),
(496, 'Jess', 'Lafington', '0.00', 0, 21),
(497, 'Neil', 'Lament', '0.00', 0, 21),
(498, 'Steve', 'Laughalot', '0.00', 0, 21),
(499, 'Maxwell', 'Lazenby', '0.00', 0, 21),
(500, 'Holden', 'Ledbury', '0.00', 0, 21),
(501, 'Barnaby', 'Lee', '0.00', 0, 21),
(502, 'Andromeda', 'Tonks', '0.00', 0, 21),
(503, 'Liz', 'Tuttle', '0.00', 0, 21),
(504, 'Atsushi', 'Takagi', '0.00', 0, 21),
(505, 'Lucinda', 'Talkalot', '0.00', 0, 21),
(506, 'Vikram', 'Thakur', '0.00', 0, 21),
(507, 'Heather', 'Thatcham', '0.00', 0, 21),
(508, 'Mark', 'Sommertime', '0.00', 0, 21),
(509, 'Grant', 'Sparkford', '0.00', 0, 21),
(510, 'Cole', 'Spencer', '0.00', 0, 21),
(511, 'Norman', 'Stacey', '0.00', 0, 21),
(512, 'Imogen', 'Stretton', '0.00', 0, 21),
(513, 'Junpei', 'Suruga', '0.00', 0, 21),
(514, 'Alex', 'Sykes (II)', '0.00', 0, 21),
(515, 'Merula', 'Snyde', '0.00', 0, 21),
(516, 'Gideon', 'Scalby', '0.00', 0, 21),
(517, 'Poonima', 'Shah', '0.00', 0, 21),
(518, 'Olivia', 'Shardlow', '0.00', 0, 21),
(519, 'Bhupen', 'Shastri', '0.00', 0, 21),
(520, 'Archana', 'Shetty', '0.00', 0, 21),
(521, 'Reiko', 'Sibazaki', '0.00', 0, 21),
(522, 'Horace', 'Slughorn', '0.00', 0, 21),
(523, 'Katie', 'Rayknolls', '0.00', 0, 21),
(524, 'Viola', 'Richmond', '0.00', 0, 21),
(525, 'Tom', 'Riddle', '0.00', 0, 21),
(526, 'Michael', 'Robinson', '0.00', 0, 21),
(527, 'Evan', 'Rosier', '0.00', 0, 21),
(528, 'Felix', 'Rosier', '0.00', 0, 21),
(529, 'Muriel', 'Rothley', '0.00', 0, 21),
(530, 'Hortense', 'Rowland', '0.00', 0, 21),
(531, 'Megan', 'Rowstock', '0.00', 0, 21),
(532, 'Albus', 'Potter', '0.00', 0, 21),
(533, 'Graham', 'Pritchard', '0.00', 0, 21),
(534, 'Adrian', 'Pucey', '2.54', 0, 21),
(535, 'Abigail', 'Pugh', '0.00', 0, 21),
(536, 'Gordon', 'Pummell (II)', '0.00', 0, 21),
(537, 'Ronald', 'Phipps', '0.00', 0, 21),
(538, 'Ona', 'Parangyo', '0.00', 0, 21),
(539, 'Pansy', 'Parkinson', '0.00', 0, 21),
(540, 'Mildred', 'Peebles', '0.00', 0, 21),
(541, 'Ursula', 'Penkridge', '0.00', 0, 21),
(542, 'Horatio', 'Pershore', '0.00', 0, 21),
(543, 'Nerys', 'Orpington', '0.00', 0, 21),
(544, 'Mark', 'Overcliff', '0.00', 0, 21),
(545, 'Tracey', 'Nettlebed', '0.00', 0, 21),
(546, 'Garrick', 'Newbourne', '0.00', 0, 21),
(547, 'Glynis', 'Mexborough', '0.00', 0, 21),
(548, 'Byron', 'Miller', '0.00', 0, 21),
(549, 'Titus', 'Mitcham', '0.00', 0, 21),
(550, 'Agnes', 'Monkleigh', '0.00', 0, 21),
(551, 'Graham', 'Montague', '0.00', 0, 21),
(552, 'Selina', 'Moore', '0.00', 0, 21),
(553, 'Timothy', 'Morcott', '0.00', 0, 21),
(554, 'Daryl', 'Morden', '0.00', 0, 21),
(555, 'Shawn', 'Morris', '0.00', 0, 21),
(556, 'Ismelda', 'Murk', '0.00', 0, 21),
(557, 'Adelaide', 'Murton', '0.00', 0, 21),
(558, 'Irfan', 'Mustaq', '0.00', 0, 21),
(559, 'Lucius', 'Malfoy', '0.00', 0, 21),
(560, 'Narcissa', 'Malfoy', '0.00', 0, 21),
(561, 'Scorpius', 'Malfoy', '0.00', 0, 21),
(562, 'Thomas', 'McGruder', '0.00', 0, 21),
(563, 'Gertrude', 'Meads', '0.00', 0, 21),
(564, 'Sylvia', 'Melville', '0.00', 0, 21),
(565, 'David', 'Makehay', '0.00', 0, 21),
(566, 'Abraxas', 'Malfoy', '0.00', 0, 21),
(567, 'Charles', 'Machin', '0.00', 0, 21),
(568, 'Bellatrix', 'Lestrange', '0.00', 0, 21),
(569, 'Leta', 'Lestrange', '0.00', 0, 21),
(570, 'Rodolphus', 'Lestrange', '0.00', 0, 21),
(571, 'Gabriel', 'Lithgow', '0.00', 0, 21),
(572, 'Xander', 'Lofthouse', '0.00', 0, 21),
(573, 'Russell', 'Lucky', '0.00', 0, 21),
(574, 'Scarlett', 'Lympsham', '0.00', 0, 21),
(575, 'Alecto', 'Carrow', '0.00', 0, 21),
(576, 'Bathsheda', 'Babbling', '0.00', 0, 21),
(577, 'Adalbert', 'Waffling', '5.00', 0, 21),
(578, 'Elphias', 'Doge', '0.00', 0, 21),
(579, 'Minerva', 'McGonagall', '0.00', 0, 21),
(580, 'Nicholas', 'Flamel', '0.00', 0, 21),
(581, 'Quirinus', 'Quirrell', '0.00', 0, 21),
(582, 'Rubeus', 'Hagrid', '0.00', 0, 21),
(583, 'Patricia', 'Rakepick', '0.00', 0, 21),
(584, 'Dolores', 'Umbridge', '0.00', 0, 21),
(585, 'Firenze', NULL, '0.00', 0, 21),
(586, 'Rolanda', 'Hooch', '0.00', 0, 21),
(587, 'Pomona', 'Sprout', '0.00', 0, 21),
(593, 'Abdullah', 'Arif', '0.00', 0, 21),
(594, 'Kolby', 'Sarson', '0.00', 0, 21),
(595, 'Shannon', 'Guerreiro', '0.00', 0, 21);

-- --------------------------------------------------------

--
-- Table structure for table `professor`
--

CREATE TABLE `professor` (
  `professorID` int(5) NOT NULL,
  `department` varchar(50) COLLATE utf8_unicode_ci NOT NULL
) ENGINE=InnoDB DEFAULT CHARSET=utf8 COLLATE=utf8_unicode_ci;

--
-- Dumping data for table `professor`
--

INSERT INTO `professor` (`professorID`, `department`) VALUES
(580, 'Alchemy'),
(578, 'Apparition'),
(10, 'Astronomy'),
(5, 'Auror'),
(11, 'Charms'),
(15, 'Defence Against the Dark Arts'),
(581, 'Defence Against the Dark Arts'),
(583, 'Defence Against the Dark Arts'),
(8, 'Divination'),
(587, 'Herbology'),
(12, 'History of magic'),
(14, 'History of magic'),
(16, 'Magical law'),
(584, 'Magical law'),
(397, 'Magical Theory'),
(577, 'Magical Theory'),
(582, 'Magizoology'),
(575, 'Muggle Studies'),
(585, 'Occlumency'),
(2, 'Potions'),
(586, 'Quidditch'),
(576, 'Study of Ancient Runes'),
(579, 'Transfiguration');

-- --------------------------------------------------------

--
-- Table structure for table `requests`
--

CREATE TABLE `requests` (
  `requestID` int(5) NOT NULL,
  `requesterID` int(5) NOT NULL,
  `bookISBN` varchar(18) COLLATE utf8_unicode_ci DEFAULT NULL,
  `requestParameter` varchar(50) COLLATE utf8_unicode_ci DEFAULT NULL,
  `requestStatus` tinyint(1) NOT NULL,
  `requestType` tinyint(1) NOT NULL,
  `responderID` int(5) DEFAULT NULL,
  `requesterMSG` text COLLATE utf8_unicode_ci DEFAULT NULL,
  `responderMSG` text COLLATE utf8_unicode_ci DEFAULT NULL,
  `requestedDate` date NOT NULL,
  `respondedDate` date DEFAULT NULL
) ENGINE=InnoDB DEFAULT CHARSET=utf8 COLLATE=utf8_unicode_ci;

-- --------------------------------------------------------

--
-- Table structure for table `status`
--

CREATE TABLE `status` (
  `statusNum` tinyint(1) NOT NULL,
  `StatusType` varchar(255) COLLATE utf8_unicode_ci NOT NULL
) ENGINE=InnoDB DEFAULT CHARSET=utf8 COLLATE=utf8_unicode_ci;

--
-- Dumping data for table `status`
--

INSERT INTO `status` (`statusNum`, `StatusType`) VALUES
(1, 'BOOK_AVAILABLE'),
(2, 'BOOK_ON_HOLD'),
(3, 'BOOK_CHECKED_OUT'),
(4, 'BOOK_LOST'),
(11, 'HOLD_ACTIVE'),
(12, 'HOLD_COMPLETED'),
(13, 'HOLD_CANCELLED'),
(14, 'HOLD_IN_QUEUE'),
(15, 'HOLD_EXPIRED'),
(21, 'ACCOUNT_ACTIVE'),
(22, 'ACCOUNT_CLOSED'),
(23, 'ACCOUNT_BLACKLISTED');

-- --------------------------------------------------------

--
-- Table structure for table `students`
--

CREATE TABLE `students` (
  `studentID` int(5) NOT NULL,
  `major` varchar(50) COLLATE utf8_unicode_ci NOT NULL,
  `house` varchar(15) COLLATE utf8_unicode_ci NOT NULL
) ENGINE=InnoDB DEFAULT CHARSET=utf8 COLLATE=utf8_unicode_ci;

--
-- Dumping data for table `students`
--

INSERT INTO `students` (`studentID`, `major`, `house`) VALUES
(1, 'Defence Against the Dark Arts', 'Gryffindor'),
(3, 'Auror', 'Gryffindor'),
(4, 'Magizoology', 'Ravenclaw'),
(6, 'Magizoology', 'Hufflepuff'),
(7, 'History of Magic', 'Ravenclaw'),
(9, 'Magical law', 'Gryffindor'),
(13, 'Occlumency', 'Slytherin'),
(17, 'Quidditch', 'Gryffindor'),
(18, 'Herbology', 'Gryffindor'),
(19, 'History of Magic', 'Gryffindor'),
(20, 'Potions', 'Gryffindor'),
(21, 'Charms', 'Gryffindor'),
(22, 'Magical Theory', 'Gryffindor'),
(23, 'Potions', 'Gryffindor'),
(24, 'Potions', 'Gryffindor'),
(25, 'Herbology', 'Gryffindor'),
(26, 'Herbology', 'Gryffindor'),
(27, 'Study of Ancient Runes', 'Gryffindor'),
(28, 'Apparition', 'Gryffindor'),
(29, 'Magical law', 'Gryffindor'),
(30, 'Transfiguration', 'Gryffindor'),
(31, 'Study of Ancient Runes', 'Gryffindor'),
(32, 'Charms', 'Gryffindor'),
(33, 'Potions', 'Gryffindor'),
(34, 'Charms', 'Gryffindor'),
(35, 'Transfiguration', 'Gryffindor'),
(36, 'Transfiguration', 'Gryffindor'),
(37, 'Herbology', 'Gryffindor'),
(38, 'Apparition', 'Gryffindor'),
(39, 'Magical law', 'Gryffindor'),
(40, 'Occlumency', 'Gryffindor'),
(41, 'Study of Ancient Runes', 'Gryffindor'),
(42, 'Transfiguration', 'Gryffindor'),
(43, 'Occlumency', 'Gryffindor'),
(44, 'Magical law', 'Gryffindor'),
(45, 'Occlumency', 'Gryffindor'),
(46, 'Magical law', 'Gryffindor'),
(47, 'Charms', 'Gryffindor'),
(48, 'Herbology', 'Gryffindor'),
(49, 'Magical law', 'Gryffindor'),
(50, 'Herbology', 'Gryffindor'),
(51, 'Potions', 'Gryffindor'),
(52, 'Charms', 'Gryffindor'),
(53, 'Alchemy', 'Gryffindor'),
(54, 'Charms', 'Gryffindor'),
(55, 'Charms', 'Gryffindor'),
(56, 'Herbology', 'Gryffindor'),
(57, 'Herbology', 'Gryffindor'),
(58, 'History of Magic', 'Gryffindor'),
(59, 'Potions', 'Gryffindor'),
(60, 'Charms', 'Gryffindor'),
(61, 'Herbology', 'Gryffindor'),
(62, 'Magizoology', 'Gryffindor'),
(63, 'Charms', 'Gryffindor'),
(64, 'Apparition', 'Gryffindor'),
(65, 'Magical Theory', 'Gryffindor'),
(66, 'Transfiguration', 'Gryffindor'),
(67, 'Magical law', 'Gryffindor'),
(68, 'Transfiguration', 'Gryffindor'),
(69, 'Herbology', 'Gryffindor'),
(70, 'Charms', 'Gryffindor'),
(71, 'Magical law', 'Gryffindor'),
(72, 'Herbology', 'Gryffindor'),
(73, 'Charms', 'Gryffindor'),
(74, 'Magical law', 'Gryffindor'),
(75, 'Herbology', 'Gryffindor'),
(76, 'Study of Ancient Runes', 'Gryffindor'),
(77, 'Transfiguration', 'Gryffindor'),
(78, 'Magizoology', 'Gryffindor'),
(79, 'Herbology', 'Gryffindor'),
(80, 'Charms', 'Gryffindor'),
(81, 'Herbology', 'Gryffindor'),
(82, 'Charms', 'Gryffindor'),
(83, 'Magizoology', 'Gryffindor'),
(84, 'Magical law', 'Gryffindor'),
(85, 'Study of Ancient Runes', 'Gryffindor'),
(86, 'Apparition', 'Gryffindor'),
(87, 'Apparition', 'Gryffindor'),
(88, 'Magizoology', 'Gryffindor'),
(89, 'Apparition', 'Gryffindor'),
(90, 'Charms', 'Gryffindor'),
(91, 'Study of Ancient Runes', 'Gryffindor'),
(92, 'Herbology', 'Gryffindor'),
(93, 'Apparition', 'Gryffindor'),
(94, 'Herbology', 'Gryffindor'),
(95, 'Charms', 'Gryffindor'),
(96, 'Study of Ancient Runes', 'Gryffindor'),
(97, 'Magical law', 'Gryffindor'),
(98, 'Herbology', 'Gryffindor'),
(99, 'Magical law', 'Gryffindor'),
(100, 'Magizoology', 'Gryffindor'),
(101, 'Potions', 'Gryffindor'),
(102, 'Herbology', 'Gryffindor'),
(103, 'History of Magic', 'Gryffindor'),
(104, 'Transfiguration', 'Gryffindor'),
(105, 'Alchemy', 'Gryffindor'),
(106, 'Potions', 'Gryffindor'),
(107, 'Charms', 'Gryffindor'),
(108, 'Alchemy', 'Gryffindor'),
(109, 'Occlumency', 'Gryffindor'),
(110, 'Alchemy', 'Gryffindor'),
(111, 'Study of Ancient Runes', 'Gryffindor'),
(112, 'Occlumency', 'Gryffindor'),
(113, 'Herbology', 'Gryffindor'),
(114, 'Potions', 'Gryffindor'),
(115, 'Occlumency', 'Gryffindor'),
(116, 'Herbology', 'Gryffindor'),
(117, 'Study of Ancient Runes', 'Gryffindor'),
(118, 'Herbology', 'Gryffindor'),
(119, 'History of Magic', 'Gryffindor'),
(120, 'Transfiguration', 'Gryffindor'),
(121, 'Alchemy', 'Gryffindor'),
(122, 'History of Magic', 'Gryffindor'),
(123, 'Potions', 'Gryffindor'),
(124, 'Herbology', 'Gryffindor'),
(125, 'Alchemy', 'Gryffindor'),
(126, 'Herbology', 'Gryffindor'),
(127, 'Potions', 'Gryffindor'),
(128, 'History of Magic', 'Gryffindor'),
(129, 'Herbology', 'Gryffindor'),
(130, 'Herbology', 'Gryffindor'),
(131, 'Potions', 'Gryffindor'),
(132, 'Occlumency', 'Gryffindor'),
(133, 'Charms', 'Gryffindor'),
(134, 'Apparition', 'Gryffindor'),
(135, 'Study of Ancient Runes', 'Gryffindor'),
(136, 'Herbology', 'Gryffindor'),
(137, 'Apparition', 'Gryffindor'),
(138, 'Magical Theory', 'Gryffindor'),
(139, 'Herbology', 'Gryffindor'),
(140, 'Potions', 'Gryffindor'),
(141, 'Herbology', 'Gryffindor'),
(142, 'Herbology', 'Gryffindor'),
(143, 'History of Magic', 'Gryffindor'),
(144, 'Magizoology', 'Gryffindor'),
(145, 'Charms', 'Gryffindor'),
(146, 'Potions', 'Gryffindor'),
(147, 'Charms', 'Gryffindor'),
(148, 'Charms', 'Gryffindor'),
(149, 'Apparition', 'Gryffindor'),
(150, 'Alchemy', 'Gryffindor'),
(151, 'Potions', 'Gryffindor'),
(152, 'Magical law', 'Gryffindor'),
(153, 'Potions', 'Gryffindor'),
(154, 'Magizoology', 'Gryffindor'),
(155, 'Magizoology', 'Gryffindor'),
(156, 'Charms', 'Gryffindor'),
(157, 'History of Magic', 'Gryffindor'),
(158, 'Charms', 'Gryffindor'),
(159, 'History of Magic', 'Gryffindor'),
(160, 'Magical law', 'Gryffindor'),
(161, 'Study of Ancient Runes', 'Gryffindor'),
(162, 'Occlumency', 'Gryffindor'),
(163, 'Occlumency', 'Gryffindor'),
(164, 'Apparition', 'Gryffindor'),
(165, 'Herbology', 'Gryffindor'),
(166, 'Study of Ancient Runes', 'Gryffindor'),
(167, 'Study of Ancient Runes', 'Gryffindor'),
(168, 'Potions', 'Gryffindor'),
(169, 'Charms', 'Gryffindor'),
(170, 'Herbology', 'Gryffindor'),
(171, 'Apparition', 'Gryffindor'),
(172, 'Apparition', 'Gryffindor'),
(173, 'Transfiguration', 'Gryffindor'),
(174, 'Occlumency', 'Gryffindor'),
(175, 'Herbology', 'Gryffindor'),
(176, 'Charms', 'Gryffindor'),
(177, 'Magical law', 'Hufflepuff'),
(178, 'Herbology', 'Hufflepuff'),
(179, 'Study of Ancient Runes', 'Hufflepuff'),
(180, 'Herbology', 'Hufflepuff'),
(181, 'Herbology', 'Hufflepuff'),
(182, 'Apparition', 'Hufflepuff'),
(183, 'Occlumency', 'Hufflepuff'),
(184, 'Apparition', 'Hufflepuff'),
(185, 'Charms', 'Hufflepuff'),
(186, 'Study of Ancient Runes', 'Hufflepuff'),
(187, 'Magizoology', 'Hufflepuff'),
(188, 'Transfiguration', 'Hufflepuff'),
(189, 'Transfiguration', 'Hufflepuff'),
(190, 'Occlumency', 'Hufflepuff'),
(191, 'Apparition', 'Hufflepuff'),
(192, 'History of Magic', 'Hufflepuff'),
(193, 'Transfiguration', 'Hufflepuff'),
(194, 'Charms', 'Hufflepuff'),
(195, 'Apparition', 'Hufflepuff'),
(196, 'Study of Ancient Runes', 'Hufflepuff'),
(197, 'Occlumency', 'Hufflepuff'),
(198, 'Magical law', 'Hufflepuff'),
(199, 'Herbology', 'Hufflepuff'),
(200, 'Magizoology', 'Hufflepuff'),
(201, 'Study of Ancient Runes', 'Hufflepuff'),
(202, 'Apparition', 'Hufflepuff'),
(203, 'Occlumency', 'Hufflepuff'),
(204, 'Study of Ancient Runes', 'Hufflepuff'),
(205, 'Charms', 'Hufflepuff'),
(206, 'Magical Theory', 'Hufflepuff'),
(207, 'Magical law', 'Hufflepuff'),
(208, 'Magical law', 'Hufflepuff'),
(209, 'Magizoology', 'Hufflepuff'),
(210, 'Magizoology', 'Hufflepuff'),
(211, 'History of Magic', 'Hufflepuff'),
(212, 'Magical law', 'Hufflepuff'),
(213, 'Study of Ancient Runes', 'Hufflepuff'),
(214, 'Study of Ancient Runes', 'Hufflepuff'),
(215, 'Magical law', 'Hufflepuff'),
(216, 'Apparition', 'Hufflepuff'),
(217, 'Occlumency', 'Hufflepuff'),
(218, 'Apparition', 'Hufflepuff'),
(219, 'Herbology', 'Hufflepuff'),
(220, 'Study of Ancient Runes', 'Hufflepuff'),
(221, 'Potions', 'Hufflepuff'),
(222, 'Apparition', 'Hufflepuff'),
(223, 'Herbology', 'Hufflepuff'),
(224, 'Magizoology', 'Hufflepuff'),
(225, 'Charms', 'Hufflepuff'),
(226, 'History of Magic', 'Hufflepuff'),
(227, 'Potions', 'Hufflepuff'),
(228, 'Study of Ancient Runes', 'Hufflepuff'),
(229, 'Apparition', 'Hufflepuff'),
(230, 'Study of Ancient Runes', 'Hufflepuff'),
(231, 'Magical law', 'Hufflepuff'),
(232, 'Potions', 'Hufflepuff'),
(233, 'Charms', 'Hufflepuff'),
(234, 'Magical law', 'Hufflepuff'),
(235, 'Magical Theory', 'Hufflepuff'),
(236, 'Herbology', 'Hufflepuff'),
(237, 'Occlumency', 'Hufflepuff'),
(238, 'Magizoology', 'Hufflepuff'),
(239, 'Study of Ancient Runes', 'Hufflepuff'),
(240, 'History of Magic', 'Hufflepuff'),
(241, 'Apparition', 'Hufflepuff'),
(242, 'Apparition', 'Hufflepuff'),
(243, 'Potions', 'Hufflepuff'),
(244, 'Occlumency', 'Hufflepuff'),
(245, 'Charms', 'Hufflepuff'),
(246, 'Magizoology', 'Hufflepuff'),
(247, 'Potions', 'Hufflepuff'),
(248, 'Charms', 'Hufflepuff'),
(249, 'Occlumency', 'Hufflepuff'),
(250, 'Magical Theory', 'Hufflepuff'),
(251, 'Charms', 'Hufflepuff'),
(252, 'Magical law', 'Hufflepuff'),
(253, 'Study of Ancient Runes', 'Hufflepuff'),
(254, 'Magizoology', 'Hufflepuff'),
(255, 'Occlumency', 'Hufflepuff'),
(256, 'History of Magic', 'Hufflepuff'),
(257, 'Study of Ancient Runes', 'Hufflepuff'),
(258, 'Magizoology', 'Hufflepuff'),
(259, 'Study of Ancient Runes', 'Hufflepuff'),
(260, 'History of Magic', 'Hufflepuff'),
(261, 'Magical law', 'Hufflepuff'),
(262, 'Study of Ancient Runes', 'Hufflepuff'),
(263, 'Potions', 'Hufflepuff'),
(264, 'Apparition', 'Hufflepuff'),
(265, 'Herbology', 'Hufflepuff'),
(266, 'Potions', 'Hufflepuff'),
(267, 'History of Magic', 'Hufflepuff'),
(268, 'Study of Ancient Runes', 'Hufflepuff'),
(269, 'Charms', 'Hufflepuff'),
(270, 'Apparition', 'Hufflepuff'),
(271, 'Herbology', 'Hufflepuff'),
(272, 'Study of Ancient Runes', 'Hufflepuff'),
(273, 'Transfiguration', 'Hufflepuff'),
(274, 'Apparition', 'Hufflepuff'),
(275, 'Apparition', 'Hufflepuff'),
(276, 'Magical law', 'Hufflepuff'),
(277, 'History of Magic', 'Hufflepuff'),
(278, 'Herbology', 'Hufflepuff'),
(279, 'Magizoology', 'Hufflepuff'),
(280, 'Study of Ancient Runes', 'Hufflepuff'),
(281, 'Apparition', 'Hufflepuff'),
(282, 'Occlumency', 'Hufflepuff'),
(283, 'Transfiguration', 'Hufflepuff'),
(284, 'Study of Ancient Runes', 'Hufflepuff'),
(285, 'Transfiguration', 'Hufflepuff'),
(286, 'Charms', 'Hufflepuff'),
(287, 'Magizoology', 'Hufflepuff'),
(288, 'Apparition', 'Hufflepuff'),
(289, 'Apparition', 'Hufflepuff'),
(290, 'Occlumency', 'Hufflepuff'),
(291, 'Apparition', 'Hufflepuff'),
(292, 'History of Magic', 'Hufflepuff'),
(293, 'Apparition', 'Hufflepuff'),
(294, 'Herbology', 'Hufflepuff'),
(295, 'Potions', 'Hufflepuff'),
(296, 'Herbology', 'Hufflepuff'),
(297, 'Magical Theory', 'Hufflepuff'),
(298, 'Herbology', 'Ravenclaw'),
(299, 'Apparition', 'Ravenclaw'),
(300, 'Apparition', 'Ravenclaw'),
(301, 'Occlumency', 'Ravenclaw'),
(302, 'Occlumency', 'Ravenclaw'),
(303, 'Apparition', 'Ravenclaw'),
(304, 'Occlumency', 'Ravenclaw'),
(305, 'Potions', 'Ravenclaw'),
(306, 'Herbology', 'Ravenclaw'),
(307, 'Apparition', 'Ravenclaw'),
(308, 'Charms', 'Ravenclaw'),
(309, 'Magical law', 'Ravenclaw'),
(310, 'Apparition', 'Ravenclaw'),
(311, 'Charms', 'Ravenclaw'),
(312, 'Charms', 'Ravenclaw'),
(313, 'Apparition', 'Ravenclaw'),
(314, 'Potions', 'Ravenclaw'),
(315, 'Potions', 'Ravenclaw'),
(316, 'Charms', 'Ravenclaw'),
(317, 'Study of Ancient Runes', 'Ravenclaw'),
(318, 'Magical Theory', 'Ravenclaw'),
(319, 'History of Magic', 'Ravenclaw'),
(320, 'Magical law', 'Ravenclaw'),
(321, 'Charms', 'Ravenclaw'),
(322, 'Herbology', 'Ravenclaw'),
(323, 'Magical law', 'Ravenclaw'),
(324, 'Potions', 'Ravenclaw'),
(325, 'Magical law', 'Ravenclaw'),
(326, 'Occlumency', 'Ravenclaw'),
(327, 'Apparition', 'Ravenclaw'),
(328, 'Potions', 'Ravenclaw'),
(329, 'Apparition', 'Ravenclaw'),
(330, 'Apparition', 'Ravenclaw'),
(331, 'Occlumency', 'Ravenclaw'),
(332, 'Herbology', 'Ravenclaw'),
(333, 'Study of Ancient Runes', 'Ravenclaw'),
(334, 'Magical law', 'Ravenclaw'),
(335, 'Potions', 'Ravenclaw'),
(336, 'Charms', 'Ravenclaw'),
(337, 'Herbology', 'Ravenclaw'),
(338, 'Study of Ancient Runes', 'Ravenclaw'),
(339, 'Magical Theory', 'Ravenclaw'),
(340, 'Potions', 'Ravenclaw'),
(341, 'Charms', 'Ravenclaw'),
(342, 'Magical law', 'Ravenclaw'),
(343, 'Occlumency', 'Ravenclaw'),
(344, 'Magical law', 'Ravenclaw'),
(345, 'History of Magic', 'Ravenclaw'),
(346, 'Potions', 'Ravenclaw'),
(347, 'Herbology', 'Ravenclaw'),
(348, 'Magical law', 'Ravenclaw'),
(349, 'Occlumency', 'Ravenclaw'),
(350, 'Study of Ancient Runes', 'Ravenclaw'),
(351, 'Apparition', 'Ravenclaw'),
(352, 'Potions', 'Ravenclaw'),
(353, 'Herbology', 'Ravenclaw'),
(354, 'Study of Ancient Runes', 'Ravenclaw'),
(355, 'Occlumency', 'Ravenclaw'),
(356, 'Magical law', 'Ravenclaw'),
(357, 'Potions', 'Ravenclaw'),
(358, 'Potions', 'Ravenclaw'),
(359, 'Potions', 'Ravenclaw'),
(360, 'Charms', 'Ravenclaw'),
(361, 'Charms', 'Ravenclaw'),
(362, 'Herbology', 'Ravenclaw'),
(363, 'Charms', 'Ravenclaw'),
(364, 'Charms', 'Ravenclaw'),
(365, 'Magical law', 'Ravenclaw'),
(366, 'Charms', 'Ravenclaw'),
(367, 'Apparition', 'Ravenclaw'),
(368, 'Magical Theory', 'Ravenclaw'),
(369, 'Occlumency', 'Ravenclaw'),
(370, 'Apparition', 'Ravenclaw'),
(371, 'Magical law', 'Ravenclaw'),
(372, 'Herbology', 'Ravenclaw'),
(373, 'Magical law', 'Ravenclaw'),
(374, 'Herbology', 'Ravenclaw'),
(375, 'Charms', 'Ravenclaw'),
(376, 'History of Magic', 'Ravenclaw'),
(377, 'Study of Ancient Runes', 'Ravenclaw'),
(378, 'Occlumency', 'Ravenclaw'),
(379, 'Study of Ancient Runes', 'Ravenclaw'),
(380, 'Study of Ancient Runes', 'Ravenclaw'),
(381, 'Study of Ancient Runes', 'Ravenclaw'),
(382, 'History of Magic', 'Ravenclaw'),
(383, 'Potions', 'Ravenclaw'),
(384, 'Apparition', 'Ravenclaw'),
(385, 'Apparition', 'Ravenclaw'),
(386, 'Occlumency', 'Ravenclaw'),
(387, 'Apparition', 'Ravenclaw'),
(388, 'Herbology', 'Ravenclaw'),
(389, 'History of Magic', 'Ravenclaw'),
(390, 'Apparition', 'Ravenclaw'),
(391, 'Study of Ancient Runes', 'Ravenclaw'),
(392, 'Occlumency', 'Ravenclaw'),
(393, 'Magical Theory', 'Ravenclaw'),
(394, 'Apparition', 'Ravenclaw'),
(395, 'History of Magic', 'Ravenclaw'),
(396, 'Herbology', 'Ravenclaw'),
(398, 'Charms', 'Ravenclaw'),
(399, 'Herbology', 'Ravenclaw'),
(400, 'Study of Ancient Runes', 'Ravenclaw'),
(401, 'Herbology', 'Ravenclaw'),
(402, 'Herbology', 'Ravenclaw'),
(403, 'Apparition', 'Ravenclaw'),
(404, 'Herbology', 'Ravenclaw'),
(405, 'Study of Ancient Runes', 'Ravenclaw'),
(406, 'History of Magic', 'Ravenclaw'),
(407, 'Magical Theory', 'Ravenclaw'),
(408, 'Herbology', 'Ravenclaw'),
(409, 'Magical law', 'Ravenclaw'),
(410, 'Occlumency', 'Ravenclaw'),
(411, 'History of Magic', 'Ravenclaw'),
(412, 'History of Magic', 'Ravenclaw'),
(413, 'History of Magic', 'Ravenclaw'),
(414, 'Herbology', 'Ravenclaw'),
(415, 'Study of Ancient Runes', 'Ravenclaw'),
(416, 'Apparition', 'Ravenclaw'),
(417, 'Apparition', 'Ravenclaw'),
(418, 'Study of Ancient Runes', 'Ravenclaw'),
(419, 'Potions', 'Ravenclaw'),
(420, 'Magical law', 'Ravenclaw'),
(421, 'Charms', 'Ravenclaw'),
(422, 'History of Magic', 'Ravenclaw'),
(423, 'Magical Theory', 'Ravenclaw'),
(424, 'Apparition', 'Ravenclaw'),
(425, 'Occlumency', 'Slytherin'),
(426, 'Magical law', 'Slytherin'),
(427, 'Occlumency', 'Slytherin'),
(428, 'Magical law', 'Slytherin'),
(429, 'Study of Ancient Runes', 'Slytherin'),
(430, 'Study of Ancient Runes', 'Slytherin'),
(431, 'Occlumency', 'Slytherin'),
(432, 'Study of Ancient Runes', 'Slytherin'),
(433, 'Charms', 'Slytherin'),
(434, 'History of Magic', 'Slytherin'),
(435, 'Magical law', 'Slytherin'),
(436, 'Study of Ancient Runes', 'Slytherin'),
(437, 'History of Magic', 'Slytherin'),
(438, 'Magical law', 'Slytherin'),
(439, 'Charms', 'Slytherin'),
(440, 'History of Magic', 'Slytherin'),
(441, 'Study of Ancient Runes', 'Slytherin'),
(442, 'History of Magic', 'Slytherin'),
(443, 'Potions', 'Slytherin'),
(444, 'History of Magic', 'Slytherin'),
(445, 'Magical law', 'Slytherin'),
(446, 'Study of Ancient Runes', 'Slytherin'),
(447, 'Magical law', 'Slytherin'),
(448, 'Occlumency', 'Slytherin'),
(449, 'Magical law', 'Slytherin'),
(450, 'Potions', 'Slytherin'),
(451, 'Study of Ancient Runes', 'Slytherin'),
(452, 'Magical law', 'Slytherin'),
(453, 'Charms', 'Slytherin'),
(454, 'Study of Ancient Runes', 'Slytherin'),
(455, 'Magical law', 'Slytherin'),
(456, 'Magical law', 'Slytherin'),
(457, 'Study of Ancient Runes', 'Slytherin'),
(458, 'Potions', 'Slytherin'),
(459, 'Magical law', 'Slytherin'),
(460, 'Charms', 'Slytherin'),
(461, 'Study of Ancient Runes', 'Slytherin'),
(462, 'History of Magic', 'Slytherin'),
(463, 'Potions', 'Slytherin'),
(464, 'History of Magic', 'Slytherin'),
(465, 'History of Magic', 'Slytherin'),
(466, 'Potions', 'Slytherin'),
(467, 'History of Magic', 'Slytherin'),
(468, 'History of Magic', 'Slytherin'),
(469, 'Magical law', 'Slytherin'),
(470, 'Occlumency', 'Slytherin'),
(471, 'Charms', 'Slytherin'),
(472, 'History of Magic', 'Slytherin'),
(473, 'Potions', 'Slytherin'),
(474, 'History of Magic', 'Slytherin'),
(475, 'Magical law', 'Slytherin'),
(476, 'Potions', 'Slytherin'),
(477, 'History of Magic', 'Slytherin'),
(478, 'Charms', 'Slytherin'),
(479, 'Occlumency', 'Slytherin'),
(480, 'Potions', 'Slytherin'),
(481, 'History of Magic', 'Slytherin'),
(482, 'Study of Ancient Runes', 'Slytherin'),
(483, 'Magical law', 'Slytherin'),
(484, 'Occlumency', 'Slytherin'),
(485, 'Study of Ancient Runes', 'Slytherin'),
(486, 'Occlumency', 'Slytherin'),
(487, 'Magical law', 'Slytherin'),
(488, 'Study of Ancient Runes', 'Slytherin'),
(489, 'Occlumency', 'Slytherin'),
(490, 'History of Magic', 'Slytherin'),
(491, 'Study of Ancient Runes', 'Slytherin'),
(492, 'History of Magic', 'Slytherin'),
(493, 'History of Magic', 'Slytherin'),
(494, 'History of Magic', 'Slytherin'),
(495, 'Occlumency', 'Slytherin'),
(496, 'Magical law', 'Slytherin'),
(497, 'Charms', 'Slytherin'),
(498, 'Magical law', 'Slytherin'),
(499, 'History of Magic', 'Slytherin'),
(500, 'Occlumency', 'Slytherin'),
(501, 'Charms', 'Slytherin'),
(502, 'Charms', 'Slytherin'),
(503, 'Magical law', 'Slytherin'),
(504, 'Magical law', 'Slytherin'),
(505, 'History of Magic', 'Slytherin'),
(506, 'History of Magic', 'Slytherin'),
(507, 'Charms', 'Slytherin'),
(508, 'History of Magic', 'Slytherin'),
(509, 'History of Magic', 'Slytherin'),
(510, 'Magical law', 'Slytherin'),
(511, 'Study of Ancient Runes', 'Slytherin'),
(512, 'Potions', 'Slytherin'),
(513, 'Magical law', 'Slytherin'),
(514, 'Magical law', 'Slytherin'),
(515, 'Occlumency', 'Slytherin'),
(516, 'Magical law', 'Slytherin'),
(517, 'Potions', 'Slytherin'),
(518, 'Study of Ancient Runes', 'Slytherin'),
(519, 'Potions', 'Slytherin'),
(520, 'Charms', 'Slytherin'),
(521, 'Potions', 'Slytherin'),
(522, 'Study of Ancient Runes', 'Slytherin'),
(523, 'History of Magic', 'Slytherin'),
(524, 'History of Magic', 'Slytherin'),
(525, 'History of Magic', 'Slytherin'),
(526, 'History of Magic', 'Slytherin'),
(527, 'History of Magic', 'Slytherin'),
(528, 'Potions', 'Slytherin'),
(529, 'Study of Ancient Runes', 'Slytherin'),
(530, 'Charms', 'Slytherin'),
(531, 'Occlumency', 'Slytherin'),
(532, 'Potions', 'Slytherin'),
(533, 'Potions', 'Slytherin'),
(534, 'Study of Ancient Runes', 'Slytherin'),
(535, 'Occlumency', 'Slytherin'),
(536, 'History of Magic', 'Slytherin'),
(537, 'History of Magic', 'Slytherin'),
(538, 'History of Magic', 'Slytherin'),
(539, 'Charms', 'Slytherin'),
(540, 'Potions', 'Slytherin'),
(541, 'Magical law', 'Slytherin'),
(542, 'History of Magic', 'Slytherin'),
(543, 'Study of Ancient Runes', 'Slytherin'),
(544, 'Charms', 'Slytherin'),
(545, 'History of Magic', 'Slytherin'),
(546, 'History of Magic', 'Slytherin'),
(547, 'Magical law', 'Slytherin'),
(548, 'Potions', 'Slytherin'),
(549, 'Study of Ancient Runes', 'Slytherin'),
(550, 'Study of Ancient Runes', 'Slytherin'),
(551, 'Potions', 'Slytherin'),
(552, 'Study of Ancient Runes', 'Slytherin'),
(553, 'Magical law', 'Slytherin'),
(554, 'History of Magic', 'Slytherin'),
(555, 'History of Magic', 'Slytherin'),
(556, 'Occlumency', 'Slytherin'),
(557, 'Study of Ancient Runes', 'Slytherin'),
(558, 'History of Magic', 'Slytherin'),
(559, 'Study of Ancient Runes', 'Slytherin'),
(560, 'Occlumency', 'Slytherin'),
(561, 'History of Magic', 'Slytherin'),
(562, 'Charms', 'Slytherin'),
(563, 'Occlumency', 'Slytherin'),
(564, 'Study of Ancient Runes', 'Slytherin'),
(565, 'History of Magic', 'Slytherin'),
(566, 'Charms', 'Slytherin'),
(567, 'Study of Ancient Runes', 'Slytherin'),
(568, 'History of Magic', 'Slytherin'),
(569, 'Study of Ancient Runes', 'Slytherin'),
(570, 'History of Magic', 'Slytherin'),
(571, 'Magical law', 'Slytherin'),
(572, 'Magical law', 'Slytherin'),
(573, 'Magical law', 'Slytherin'),
(574, 'History of Magic', 'Slytherin'),
(593, ' comp sci', 'Gryffindor'),
(594, 'Computer Science', 'Ravenclaw'),
(595, 'Computer Science', 'Hufflepuff');

-- --------------------------------------------------------

--
-- Table structure for table `transactions`
--

CREATE TABLE `transactions` (
  `transactionID` int(5) NOT NULL,
  `bookBarcode` bigint(12) UNSIGNED ZEROFILL NOT NULL,
  `borrowedBy` int(5) NOT NULL,
  `issuerID` int(5) NOT NULL,
  `returnerID` int(5) DEFAULT NULL,
  `borrowedDate` date NOT NULL,
  `dueDate` date NOT NULL,
  `renewedTime` tinyint(1) NOT NULL DEFAULT 0,
  `returnDate` date DEFAULT NULL,
  `fine` decimal(5,2) NOT NULL DEFAULT 0.00
) ENGINE=InnoDB DEFAULT CHARSET=utf8 COLLATE=utf8_unicode_ci;

--
-- Dumping data for table `transactions`
--

INSERT INTO `transactions` (`transactionID`, `bookBarcode`, `borrowedBy`, `issuerID`, `returnerID`, `borrowedDate`, `dueDate`, `renewedTime`, `returnDate`, `fine`) VALUES
(169, 903659136178, 121, 4, 4, '2017-12-01', '2019-09-01', 2, '2019-09-18', '13.20'),
(170, 902773769378, 2, 4, 4, '2019-08-11', '2019-09-02', 1, '2019-09-18', '71.43'),
(171, 902773770042, 2, 4, 4, '2019-08-12', '2019-09-02', 0, '2019-09-18', '9.60'),
(172, 902773770485, 2, 4, 4, '2019-08-12', '2019-09-02', 0, '2019-08-12', '0.00'),
(173, 902773770485, 2, 4, 4, '2019-08-12', '2019-09-02', 0, '2019-08-12', '23.60'),
(174, 902773770485, 2, 4, 4, '2019-08-12', '2019-09-02', 0, '2019-08-12', '23.60'),
(175, 902773770485, 2, 4, 4, '2019-08-12', '2019-09-02', 0, '2019-08-12', '23.60'),
(176, 902773770485, 2, 4, 4, '2019-08-12', '2019-09-02', 0, '2019-08-12', '23.60'),
(177, 902773770485, 2, 4, 4, '2019-08-12', '2019-09-02', 0, '2019-09-18', '9.60'),
(178, 902773776018, 109, 6, 6, '2019-08-13', '2019-09-03', 0, '2019-09-18', '9.00'),
(179, 903659011508, 4, 6, 6, '2019-08-13', '2019-09-03', 0, '2019-09-18', '9.00'),
(180, 902773769600, 343, 4, 4, '2019-08-13', '2019-09-03', 0, '2019-09-18', '9.00'),
(181, 902773769378, 497, 9, 9, '2019-09-18', '2019-10-09', 0, '2019-09-24', '0.00'),
(182, 902773770042, 569, 9, 9, '2019-09-18', '2019-10-09', 0, '2019-09-27', '0.00'),
(183, 902773770485, 268, 9, 9, '2019-09-18', '2019-10-09', 0, '2019-09-27', '0.00'),
(184, 902773776018, 1, 4, 4, '2019-09-24', '2019-10-15', 0, '2019-09-24', '0.00'),
(185, 902773815632, 3, 4, 4, '2019-09-24', '2019-10-15', 0, '2019-09-24', '0.00'),
(205, 902773815853, 3, 9, 9, '2019-09-24', '2019-10-15', 0, '2019-09-27', '0.00'),
(206, 903659067130, 2, 4, 4, '2019-09-24', '2019-10-15', 0, '2019-09-24', '0.00'),
(207, 903659069048, 3, 4, 4, '2019-09-24', '2019-10-15', 0, '2019-09-24', '0.00'),
(208, 902773774468, 1, 4, 4, '2019-09-24', '2019-10-15', 0, '2019-09-24', '0.00'),
(209, 902773774468, 16, 4, 4, '2019-09-24', '2019-10-15', 0, '2019-09-24', '0.00'),
(210, 903659069048, 13, 4, 9, '2019-09-24', '2019-10-15', 0, '2019-09-27', '0.00'),
(211, 902773769378, 1, 9, 9, '2019-09-26', '2019-10-18', 1, '2019-09-27', '0.00'),
(212, 902773769600, 1, 9, 4, '2019-09-26', '2019-10-17', 0, '2019-09-26', '0.00'),
(213, 902773774026, 4, 9, 4, '2019-09-26', '2019-10-17', 2, '2019-09-26', '0.00'),
(214, 902773774690, 4, 9, 4, '2019-09-26', '2019-10-17', 2, '2019-09-26', '0.00'),
(215, 902773770264, 4, 9, 4, '2019-09-26', '2019-10-17', 0, '2019-09-26', '22.23'),
(216, 902773774690, 1, 4, 4, '2019-09-26', '2019-10-17', 1, '2019-09-27', '181.63'),
(217, 902773774026, 1, 4, 9, '2019-09-26', '2019-10-18', 2, '2019-09-27', '0.00'),
(218, 902773769600, 1, 4, 9, '2019-09-26', '2019-10-18', 1, '2019-09-27', '0.00'),
(219, 902773774468, 3, 4, 9, '2019-09-27', '2019-10-18', 0, '2019-09-27', '0.00'),
(220, 902773774690, 9, 4, 9, '2019-09-27', '2019-10-18', 0, '2019-09-27', '181.63'),
(224, 903659072884, 13, 6, 9, '2019-09-27', '2019-10-18', 0, '2019-09-27', '0.00'),
(225, 902773774911, 1, 12, 9, '2019-09-27', '2019-10-18', 0, '2019-09-27', '0.00'),
(226, 903659003836, 11, 9, 9, '2019-09-27', '2019-10-18', 0, '2019-09-27', '0.00'),
(228, 902773770042, 6, 9, NULL, '2019-09-27', '2019-10-18', 2, NULL, '0.00'),
(229, 902773769600, 6, 9, NULL, '2019-09-27', '2019-10-18', 2, NULL, '0.00'),
(230, 903659002877, 6, 9, 12, '2019-09-27', '2019-10-18', 0, '2019-09-27', '55.49'),
(231, 902773770485, 2, 9, NULL, '2019-09-27', '2019-10-18', 0, NULL, '24.60'),
(232, 902773769821, 15, 9, 9, '2019-10-01', '2019-10-22', 0, '2019-10-01', '0.00'),
(233, 902773769821, 1, 9, NULL, '2019-10-01', '2019-12-20', 2, NULL, '261.30'),
(234, 902773773362, 17, 4, 4, '2020-03-14', '2020-04-04', 0, '2020-03-14', '0.00'),
(235, 902773773804, 2, 4, NULL, '2020-03-14', '2020-04-04', 0, NULL, '0.00'),
(236, 902773774247, 17, 9, NULL, '2020-03-14', '2020-04-13', 2, NULL, '0.00'),
(237, 902773785755, 17, 9, NULL, '2020-03-14', '2020-04-13', 1, NULL, '0.00'),
(238, 902773783542, 17, 9, NULL, '2020-03-14', '2020-04-13', 1, NULL, '184.22');

-- --------------------------------------------------------

--
-- Table structure for table `userAccount`
--

CREATE TABLE `userAccount` (
  `userID` int(5) NOT NULL,
  `userName` varchar(50) COLLATE utf8_unicode_ci NOT NULL,
  `email` varchar(100) COLLATE utf8_unicode_ci DEFAULT NULL,
  `password` varchar(255) COLLATE utf8_unicode_ci NOT NULL
) ENGINE=InnoDB DEFAULT CHARSET=utf8 COLLATE=utf8_unicode_ci;

--
-- Dumping data for table `userAccount`
--

INSERT INTO `userAccount` (`userID`, `userName`, `email`, `password`) VALUES
(0, 'dDeveloper', NULL, '$2y$10$oCleZBnmpq5zexjEooneWOYaslvLVriDxYWwNXvtVESfpfKJDrK9u'),
(1, 'harryPotter1', NULL, '$2y$10$.iwxDBL1LHkuEjxsOPkLFOga5YHobhxRPycZ9nhQuTxMndX7vLUJO'),
(2, 'Snape1', NULL, '$2y$10$CsSgknAyTrzVCQdf0g7GN.uukK2JG0X18DTl/z7rkbj9eRvc0r5Kq'),
(3, 'rWeasley1', NULL, '$2y$10$yyxGBJeRIgNV/YAfT6pLIeAAeP95U058rgBiS7klqCl4Tzl1DtAza'),
(4, 'llove', NULL, '$2y$10$.MGRTSWRm7xBvKhxgLKEXOUKx4YP8i4OnTCRz9hbNn5Yo9Ud73/P6'),
(5, 'mad-eye', NULL, '$2y$10$QqPZEIRQ18BT63zIykOtMeJy13Hqz209k8/tCsDK4SqGQ0aT2EisK'),
(6, 'magicalNewton', NULL, '$2y$10$KMkLrnFjKlRyE1YMdBYB8O/mWgXKfbKW8xdkWBG/kQlirhSRm8Tp.'),
(7, 'HClaw', NULL, '$2y$10$x6G3qVrzc2IyHSxNDnUnxu.p9ArQLVaW.EM6bYI69TD7Zh0G0cF4u'),
(8, 'theSeer', NULL, '$2y$10$Akzx94/o.b9obIC5yEGOOuFKT16Cx.gMtCawqUGDEXi8vDNIA8z8G'),
(9, 'hGranger', NULL, '$2y$10$7bpLj0PutC3CLBoPUdLreun3J6mzPMP0Yqhkp9GDiOTts/UcBUSr2'),
(10, 'stargazer102', NULL, '$2y$10$MbRXpASS5JIrULpLJlmv/e7qBwO7zzZC71UxIiDOR294LoZuWUXhq'),
(11, 'ffCharms', NULL, '$2y$10$UsIoHibRzYU9b9rpxUwqyuwCBvWXLhi.pF8fF/Z5zvX49tN0bAG3G'),
(12, 'realLibrarian1991', NULL, '$2y$10$wZvZ7irvKskWBT8jJ.uFF.rhA8cYfPakr1EVJyBtKSCgJyYFAovvO'),
(13, 'pureBlooded', NULL, '$2y$10$aS8BNJPfK7PlHBJ7SOsKmuy8kKxPsXRYWvGvsIFMpD490L1XgmzKm'),
(17, 'gWeasely', NULL, '$2y$10$VhETCAiY92ApjH70Zw.nNuKGScq51S8dIDaej0FQ6OgMoXa6VOZcu'),
(593, 'abdullahmeo', NULL, '$2y$10$H8.z92aXNXT2r23ngftwK.g2ZS8N6dWWUDe5peluEWwOuYLj0amoi'),
(594, 'tester', NULL, '$2y$10$ldBzi71vEkgoyOYhP8zVNOHl5JF.140WBNUPJl.LsB9A60sl9lpTm'),
(595, 'ShanG55', NULL, '$2y$10$0dJUoy8TX9vxghsjkhE1yOGtBWCmdT3BlZKxtPvO/0WTc3gkDkJYS');

--
-- Indexes for dumped tables
--

--
-- Indexes for table `bookItem`
--
ALTER TABLE `bookItem`
  ADD PRIMARY KEY (`bookBarcode`),
  ADD KEY `bookISBN` (`bookISBN`),
  ADD KEY `reservedFor` (`reservedFor`),
  ADD KEY `checkedOutFlag` (`bookBarcode`,`bookISBN`) USING HASH,
  ADD KEY `bookItem_ibfk_3` (`status`);

--
-- Indexes for table `books`
--
ALTER TABLE `books`
  ADD PRIMARY KEY (`bookISBN`),
  ADD KEY `book_ibfk_2` (`express`);

--
-- Indexes for table `bookTags`
--
ALTER TABLE `bookTags`
  ADD PRIMARY KEY (`tagNumber`),
  ADD KEY `bookISBN` (`bookISBN`);

--
-- Indexes for table `courseEnrolled`
--
ALTER TABLE `courseEnrolled`
  ADD PRIMARY KEY (`enrollmentNumber`),
  ADD KEY `courseID` (`courseID`),
  ADD KEY `studentID` (`studentID`);

--
-- Indexes for table `courses`
--
ALTER TABLE `courses`
  ADD PRIMARY KEY (`courseID`),
  ADD KEY `professorID` (`professorID`);

--
-- Indexes for table `headmasters`
--
ALTER TABLE `headmasters`
  ADD KEY `headmasters_ibfk_1` (`headmasterID`);

--
-- Indexes for table `holds`
--
ALTER TABLE `holds`
  ADD PRIMARY KEY (`holdID`),
  ADD UNIQUE KEY `reservedCopy` (`reservedCopy`),
  ADD KEY `bookISBN` (`bookISBN`),
  ADD KEY `holderID` (`holderID`),
  ADD KEY `holds_ibfk_4` (`status`);

--
-- Indexes for table `librarianAccount`
--
ALTER TABLE `librarianAccount`
  ADD PRIMARY KEY (`librarianID`);

--
-- Indexes for table `members`
--
ALTER TABLE `members`
  ADD PRIMARY KEY (`memberID`),
  ADD KEY `fines` (`memberID`,`fname`,`fines`),
  ADD KEY `memeber_status` (`status`);

--
-- Indexes for table `professor`
--
ALTER TABLE `professor`
  ADD PRIMARY KEY (`professorID`),
  ADD KEY `department` (`department`);

--
-- Indexes for table `requests`
--
ALTER TABLE `requests`
  ADD PRIMARY KEY (`requestID`),
  ADD KEY `requesterID` (`requesterID`),
  ADD KEY `responderID` (`responderID`);

--
-- Indexes for table `status`
--
ALTER TABLE `status`
  ADD PRIMARY KEY (`statusNum`);

--
-- Indexes for table `students`
--
ALTER TABLE `students`
  ADD PRIMARY KEY (`studentID`);

--
-- Indexes for table `transactions`
--
ALTER TABLE `transactions`
  ADD PRIMARY KEY (`transactionID`),
  ADD KEY `bookBarcode` (`bookBarcode`),
  ADD KEY `borrowedBy` (`borrowedBy`),
  ADD KEY `issuerID` (`issuerID`),
  ADD KEY `returnerID` (`returnerID`);

--
-- Indexes for table `userAccount`
--
ALTER TABLE `userAccount`
  ADD PRIMARY KEY (`userID`),
  ADD UNIQUE KEY `userName` (`userName`),
  ADD UNIQUE KEY `email` (`email`);

--
-- AUTO_INCREMENT for dumped tables
--

--
-- AUTO_INCREMENT for table `bookTags`
--
ALTER TABLE `bookTags`
  MODIFY `tagNumber` int(5) NOT NULL AUTO_INCREMENT, AUTO_INCREMENT=4;

--
-- AUTO_INCREMENT for table `courseEnrolled`
--
ALTER TABLE `courseEnrolled`
  MODIFY `enrollmentNumber` int(10) NOT NULL AUTO_INCREMENT, AUTO_INCREMENT=17;

--
-- AUTO_INCREMENT for table `courses`
--
ALTER TABLE `courses`
  MODIFY `courseID` int(5) NOT NULL AUTO_INCREMENT, AUTO_INCREMENT=25;

--
-- AUTO_INCREMENT for table `holds`
--
ALTER TABLE `holds`
  MODIFY `holdID` int(5) NOT NULL AUTO_INCREMENT, AUTO_INCREMENT=111;

--
-- AUTO_INCREMENT for table `members`
--
ALTER TABLE `members`
  MODIFY `memberID` int(5) NOT NULL AUTO_INCREMENT, AUTO_INCREMENT=601;

--
-- AUTO_INCREMENT for table `requests`
--
ALTER TABLE `requests`
  MODIFY `requestID` int(5) NOT NULL AUTO_INCREMENT;

--
-- AUTO_INCREMENT for table `transactions`
--
ALTER TABLE `transactions`
  MODIFY `transactionID` int(5) NOT NULL AUTO_INCREMENT, AUTO_INCREMENT=239;

--
-- Constraints for dumped tables
--

--
-- Constraints for table `bookItem`
--
ALTER TABLE `bookItem`
  ADD CONSTRAINT `bookItem_ibfk_1` FOREIGN KEY (`bookISBN`) REFERENCES `books` (`bookISBN`),
  ADD CONSTRAINT `bookItem_ibfk_2` FOREIGN KEY (`reservedFor`) REFERENCES `courses` (`courseID`) ON UPDATE CASCADE,
  ADD CONSTRAINT `bookItem_ibfk_3` FOREIGN KEY (`status`) REFERENCES `status` (`statusNum`) ON UPDATE CASCADE;

--
-- Constraints for table `bookTags`
--
ALTER TABLE `bookTags`
  ADD CONSTRAINT `bookTags_ibfk_1` FOREIGN KEY (`bookISBN`) REFERENCES `books` (`bookISBN`) ON DELETE CASCADE;

--
-- Constraints for table `courseEnrolled`
--
ALTER TABLE `courseEnrolled`
  ADD CONSTRAINT `courseEnrolled_ibfk_1` FOREIGN KEY (`courseID`) REFERENCES `courses` (`courseID`) ON DELETE CASCADE,
  ADD CONSTRAINT `courseEnrolled_ibfk_2` FOREIGN KEY (`studentID`) REFERENCES `students` (`studentID`);

--
-- Constraints for table `courses`
--
ALTER TABLE `courses`
  ADD CONSTRAINT `courses_ibfk_1` FOREIGN KEY (`professorID`) REFERENCES `professor` (`professorID`) ON DELETE CASCADE;

--
-- Constraints for table `headmasters`
--
ALTER TABLE `headmasters`
  ADD CONSTRAINT `headmasters_ibfk_1` FOREIGN KEY (`headmasterID`) REFERENCES `members` (`memberID`) ON DELETE CASCADE ON UPDATE CASCADE;

--
-- Constraints for table `holds`
--
ALTER TABLE `holds`
  ADD CONSTRAINT `holds_ibfk_1` FOREIGN KEY (`bookISBN`) REFERENCES `books` (`bookISBN`) ON DELETE CASCADE ON UPDATE CASCADE,
  ADD CONSTRAINT `holds_ibfk_2` FOREIGN KEY (`reservedCopy`) REFERENCES `bookItem` (`bookBarcode`) ON DELETE CASCADE ON UPDATE CASCADE,
  ADD CONSTRAINT `holds_ibfk_3` FOREIGN KEY (`holderID`) REFERENCES `members` (`memberID`) ON DELETE CASCADE ON UPDATE CASCADE,
  ADD CONSTRAINT `holds_ibfk_4` FOREIGN KEY (`status`) REFERENCES `status` (`statusNum`) ON UPDATE CASCADE;

--
-- Constraints for table `librarianAccount`
--
ALTER TABLE `librarianAccount`
  ADD CONSTRAINT `librarianAccount_ibfk_1` FOREIGN KEY (`librarianID`) REFERENCES `members` (`memberID`) ON DELETE CASCADE;

--
-- Constraints for table `members`
--
ALTER TABLE `members`
  ADD CONSTRAINT `memeber_status` FOREIGN KEY (`status`) REFERENCES `status` (`statusNum`) ON UPDATE CASCADE;

--
-- Constraints for table `professor`
--
ALTER TABLE `professor`
  ADD CONSTRAINT `professor_ibfk_1` FOREIGN KEY (`professorID`) REFERENCES `members` (`memberID`) ON DELETE CASCADE;

--
-- Constraints for table `requests`
--
ALTER TABLE `requests`
  ADD CONSTRAINT `requests_ibfk_1` FOREIGN KEY (`requesterID`) REFERENCES `userAccount` (`userID`) ON DELETE CASCADE,
  ADD CONSTRAINT `requests_ibfk_2` FOREIGN KEY (`responderID`) REFERENCES `librarianAccount` (`librarianID`);

--
-- Constraints for table `students`
--
ALTER TABLE `students`
  ADD CONSTRAINT `students_ibfk_1` FOREIGN KEY (`studentID`) REFERENCES `members` (`memberID`) ON DELETE CASCADE ON UPDATE CASCADE;

--
-- Constraints for table `transactions`
--
ALTER TABLE `transactions`
  ADD CONSTRAINT `transactions_ibfk_1` FOREIGN KEY (`bookBarcode`) REFERENCES `bookItem` (`bookBarcode`) ON UPDATE CASCADE,
  ADD CONSTRAINT `transactions_ibfk_2` FOREIGN KEY (`borrowedBy`) REFERENCES `members` (`memberID`) ON DELETE CASCADE,
  ADD CONSTRAINT `transactions_ibfk_3` FOREIGN KEY (`issuerID`) REFERENCES `librarianAccount` (`librarianID`) ON DELETE CASCADE ON UPDATE CASCADE,
  ADD CONSTRAINT `transactions_ibfk_4` FOREIGN KEY (`returnerID`) REFERENCES `librarianAccount` (`librarianID`) ON DELETE CASCADE ON UPDATE CASCADE;

--
-- Constraints for table `userAccount`
--
ALTER TABLE `userAccount`
  ADD CONSTRAINT `userAccount_ibfk_1` FOREIGN KEY (`userID`) REFERENCES `members` (`memberID`) ON DELETE CASCADE ON UPDATE CASCADE;
COMMIT;

/*!40101 SET CHARACTER_SET_CLIENT=@OLD_CHARACTER_SET_CLIENT */;
/*!40101 SET CHARACTER_SET_RESULTS=@OLD_CHARACTER_SET_RESULTS */;
/*!40101 SET COLLATION_CONNECTION=@OLD_COLLATION_CONNECTION */;
